-- MySQL dump 10.13  Distrib 5.7.27, for Linux (x86_64)
--
-- Host: localhost    Database: loitsut
-- ------------------------------------------------------
-- Server version	5.7.27-0ubuntu0.18.04.1

/*!40101 SET @OLD_CHARACTER_SET_CLIENT=@@CHARACTER_SET_CLIENT */;
/*!40101 SET @OLD_CHARACTER_SET_RESULTS=@@CHARACTER_SET_RESULTS */;
/*!40101 SET @OLD_COLLATION_CONNECTION=@@COLLATION_CONNECTION */;
/*!40101 SET NAMES utf8 */;
/*!40103 SET @OLD_TIME_ZONE=@@TIME_ZONE */;
/*!40103 SET TIME_ZONE='+00:00' */;
/*!40014 SET @OLD_UNIQUE_CHECKS=@@UNIQUE_CHECKS, UNIQUE_CHECKS=0 */;
/*!40014 SET @OLD_FOREIGN_KEY_CHECKS=@@FOREIGN_KEY_CHECKS, FOREIGN_KEY_CHECKS=0 */;
/*!40101 SET @OLD_SQL_MODE=@@SQL_MODE, SQL_MODE='NO_AUTO_VALUE_ON_ZERO' */;
/*!40111 SET @OLD_SQL_NOTES=@@SQL_NOTES, SQL_NOTES=0 */;

--
-- Table structure for table `loitsut_collections`
--

DROP TABLE IF EXISTS `loitsut_collections`;
/*!40101 SET @saved_cs_client     = @@character_set_client */;
/*!40101 SET character_set_client = utf8 */;
CREATE TABLE `loitsut_collections` (
  `id` int(10) unsigned NOT NULL AUTO_INCREMENT,
  `public` tinyint(4) NOT NULL,
  `featured` tinyint(4) NOT NULL,
  `added` timestamp NOT NULL DEFAULT '1999-12-31 22:00:00',
  `modified` timestamp NOT NULL DEFAULT '1999-12-31 22:00:00',
  `owner_id` int(10) unsigned NOT NULL,
  PRIMARY KEY (`id`),
  KEY `public` (`public`),
  KEY `featured` (`featured`),
  KEY `owner_id` (`owner_id`)
) ENGINE=InnoDB DEFAULT CHARSET=utf8 COLLATE=utf8_unicode_ci;
/*!40101 SET character_set_client = @saved_cs_client */;

--
-- Dumping data for table `loitsut_collections`
--

LOCK TABLES `loitsut_collections` WRITE;
/*!40000 ALTER TABLE `loitsut_collections` DISABLE KEYS */;
/*!40000 ALTER TABLE `loitsut_collections` ENABLE KEYS */;
UNLOCK TABLES;

--
-- Table structure for table `loitsut_element_sets`
--

DROP TABLE IF EXISTS `loitsut_element_sets`;
/*!40101 SET @saved_cs_client     = @@character_set_client */;
/*!40101 SET character_set_client = utf8 */;
CREATE TABLE `loitsut_element_sets` (
  `id` int(10) unsigned NOT NULL AUTO_INCREMENT,
  `record_type` varchar(50) COLLATE utf8_unicode_ci DEFAULT NULL,
  `name` varchar(255) COLLATE utf8_unicode_ci NOT NULL,
  `description` text COLLATE utf8_unicode_ci,
  PRIMARY KEY (`id`),
  UNIQUE KEY `name` (`name`),
  KEY `record_type` (`record_type`)
) ENGINE=InnoDB AUTO_INCREMENT=4 DEFAULT CHARSET=utf8 COLLATE=utf8_unicode_ci;
/*!40101 SET character_set_client = @saved_cs_client */;

--
-- Dumping data for table `loitsut_element_sets`
--

LOCK TABLES `loitsut_element_sets` WRITE;
/*!40000 ALTER TABLE `loitsut_element_sets` DISABLE KEYS */;
INSERT INTO `loitsut_element_sets` VALUES (1,NULL,'Dublin Core','The Dublin Core metadata element set is common to all Omeka records, including items, files, and collections. For more information see, http://dublincore.org/documents/dces/.'),(3,'Item','Item Type Metadata','The item type metadata element set, consisting of all item type elements bundled with Omeka and all item type elements created by an administrator.');
/*!40000 ALTER TABLE `loitsut_element_sets` ENABLE KEYS */;
UNLOCK TABLES;

--
-- Table structure for table `loitsut_element_texts`
--

DROP TABLE IF EXISTS `loitsut_element_texts`;
/*!40101 SET @saved_cs_client     = @@character_set_client */;
/*!40101 SET character_set_client = utf8 */;
CREATE TABLE `loitsut_element_texts` (
  `id` int(10) unsigned NOT NULL AUTO_INCREMENT,
  `record_id` int(10) unsigned NOT NULL,
  `record_type` varchar(50) COLLATE utf8_unicode_ci NOT NULL,
  `element_id` int(10) unsigned NOT NULL,
  `html` tinyint(4) NOT NULL,
  `text` mediumtext COLLATE utf8_unicode_ci NOT NULL,
  PRIMARY KEY (`id`),
  KEY `record_type_record_id` (`record_type`,`record_id`),
  KEY `element_id` (`element_id`),
  KEY `text` (`text`(20))
) ENGINE=InnoDB AUTO_INCREMENT=317 DEFAULT CHARSET=utf8 COLLATE=utf8_unicode_ci;
/*!40101 SET character_set_client = @saved_cs_client */;

--
-- Dumping data for table `loitsut_element_texts`
--

LOCK TABLES `loitsut_element_texts` WRITE;
/*!40000 ALTER TABLE `loitsut_element_texts` DISABLE KEYS */;
INSERT INTO `loitsut_element_texts` VALUES (3,1,'Item',50,0,'Tulen sanat, Vaasa 1657'),(4,1,'Item',39,1,'<strong>Kuvat ja digitointi</strong>: Kansallisarkisto'),(5,1,'Item',39,1,'<strong>Transkriptio</strong>: Lari Ahokas'),(6,1,'Item',48,0,'Kansallisarkisto, Raastuvanoikeuksien renovoidut tuomiokirjat, Vaasan raastuvanoikeus, V:1, tuomiokirja 1650–1659, 26.8.1657, s.n., [360] r. 16–24'),(7,1,'Item',45,0,'Suomalaisen Kirjallisuuden Seura'),(8,1,'Item',40,0,'1657-08-26'),(9,1,'Item',37,0,'Suomalaisen Kirjallisuuden Seura'),(10,1,'Item',47,1,'<strong>Kuvat</strong>: Kansallisarkisto'),(16,1,'Item',44,0,'suomi, svenska'),(17,1,'Item',43,0,'vaasa1657'),(89,1,'Item',41,1,'Kerttu Nätyrin (Gertrudh Nätyr) sanelema palovammojen parantamiseen tarkoitettu <span style=\"font-style:italic;\">Tulen sanat</span> oli ensimmäinen hänen oikeudessa esittämistään loitsuista. Se koostuu tulen syntymyytistä, jossa ensimmäinen tuli isketään taivaassa ja kirpoaa läpi taivaan kannen. Nätyri kertoi oikeudenkäynnissä peräkkäin neljä loitsua eri vaivoihin. Kaikki loitsut tuli aloittaa pyhän kolminaisuuden nimeen ja yleensä lopettaa kalevalamittaisilla <span style=\"font-style:italic;\">Voiteen luvulla</span> (\"Tule Jeesus ilman herra..\") sekä <span style=\"font-style:italic;\">Isä meidän</span> -rukouksella. Seuraavana vuonna Nätyriltä tallennettiin todisteeksi vielä kolme loitsua lisää. Hänet tuomittiin kolmen muun naisen kanssa kuukaudeksi vankeuteen ja puolen vuoden pakkotyöhön.'),(90,1,'Item',39,1,'<strong>Kommentaari</strong>: Senni Timonen, Kati Kallio, Lari Ahokas'),(91,1,'Item',48,1,'<a href=\"http://digi.narc.fi/digi/view.ka?kuid=11824928\">http://digi.narc.fi/digi/view.ka?kuid=11824928</a>'),(92,1,'Item',47,1,'<strong>Transkriptio ja kommentaari</strong>: tekijät/SKS'),(93,1,'Item',51,0,'loitsu'),(94,1,'Item',42,0,'TEI'),(112,1,'Item',41,1,'<p><strong>Oikeudenkäynti- tai muistiinpanopaikka</strong>: Vaasa</p>\n<p><strong>Muistiinpanon tuottanut instituutio</strong>: Vaasan raastuvanoikeus</p>\n<p><strong>Esittäjän nimet tutkimuskirjallisuudessa</strong>: Kerttu Nätyri; Kerttu Naturi</p>\n<p><strong>Esittäjän nimi tässä asiakirjassa</strong>: Gertrudh Nätyri</p>\n<p><strong>Esittäjän nimet asiakirjoissa</strong>: Gertrudh Nätyri, Giertrudh Nätyr, Gertrudh Nätur, Giertrudh Nätur</p>\n<p><strong>Esittäjän kotipaikka tässä asiakirjassa</strong>: Vähäkyrö, Selkämäki</p>\n<p><strong>Esittäjän kotipaikat eri lähteissä</strong>: Vähäkyrö, Ojaniemi; Vähäkyrö, Selkämäki</p>\n<p><strong>Esittäjän syntymäpaikka</strong>: Kalajoki</p>\n<p><strong>Esittäjän ammatti tai asema</strong>: löskona (irtolainen/itsellinen), (parantaja)</p>\n<p><strong>Syytetyn tai epäillyn nimi</strong>: Margareta Persdotter Parkoinen (Marketta Parkoinen)</p>\n<p><strong>Syytenimike</strong>: noituus</p>\n<p><strong>Esittäjän rooli oikeudenkäynnissä</strong>: todistaja</p>'),(114,1,'Item',56,0,'2018-11-29'),(115,1,'Item',61,0,'2019-01-28'),(116,1,'Item',64,1,'<a href=\"https://creativecommons.org/licenses/by-sa/4.0/\">CC BY-SA 4.0</a>'),(117,1,'Item',65,0,'XML/TEI 5'),(118,2,'Item',50,0,'Voiteen sanat, Narva 1615'),(120,2,'Item',41,1,'<p>Suomalainen vääpelin vaimo Birgitta haastettiin huhtikuussa 1615 Narvassa käräjille, koska Johann Watzonin leski syytti tämän sairastuttaneen tyttärensä lapsen ja toisen tyttärensä. Seitsemän todistajan lausunnot toistivat samaa: Birgitta tuli pyytämään olutta, ja kun sitä ei annettu, hän sairastutti jonkun talon väestä. Kiellettyään pitkään syyllisyytensä Birgitta lopulta tunnusti teot ja antoi sanat (\"Formalien\"), joita hän oli noituudessaan käyttänyt. Kyseessä on yksinkertaisen <i>Voiteen luvun </i>varhaisin suomenkielinen tallenne. Birgitta poltettiin roviolla 5.5.1615.</p>'),(121,2,'Item',41,1,'<p><strong>Oikeudenkäynti- tai muistiinpanopaikka</strong>: Narva</p>\n<p><strong>Muistiinpanon tuottanut instituutio</strong>: Narvan raastuvanoikeus</p>\n<p><strong>Esittäjän nimet tutkimuskirjallisuudessa</strong>: Birgitta; Brigitta</p>\n<p><strong>Esittäjän nimet asiakirjoissa</strong>: Birgitta</p>\n<p><strong>Esittäjän kotipaikka tässä asiakirjassa</strong>: Narva</p>\n<p><strong>Esittäjän kotipaikat eri lähteissä</strong>: Narva</p>\n<p><strong>Esittäjän ammatti tai asema</strong>: vääpelin (Wachtmeister) vaimo</p>\n<p><strong>Syytetyn tai epäillyn nimi</strong>: Birgitta</p>\n<p><strong>Syytenimike</strong>: noituus</p>\n<p><strong>Esittäjän rooli oikeudenkäynnissä</strong>: syytetty</p>'),(122,2,'Item',39,1,'<strong>Kuvat ja digitointi</strong>: Kansallisarkisto'),(123,2,'Item',39,1,'<p><strong>Transkriptio</strong>: Lari Ahokas</p>'),(124,2,'Item',39,1,'<strong>Kommentaari</strong>: Senni Timonen, Kati Kallio, Lari Ahokas'),(125,2,'Item',48,0,'Tartu, Rahvusarhiiv: Narva magistraat: Kolleegium: Kantselei : Protokollid: EAA 1646.1.74 Протоколы 1603–1622, s. 359'),(126,2,'Item',45,0,'Suomalaisen Kirjallisuuden Seura'),(127,2,'Item',40,0,'1615-05-02 - 1615-04-28'),(128,2,'Item',37,0,'Suomalaisen Kirjallisuuden Seura'),(129,2,'Item',47,1,'<strong>Kuvat</strong>: Kansallisarkisto'),(130,2,'Item',47,1,'<strong>Transkriptio ja kommentaari</strong>: tekijät/SKS'),(131,2,'Item',42,0,'TEI'),(132,2,'Item',44,0,'suomi, Deutsch'),(133,2,'Item',51,0,'loitsu'),(134,2,'Item',43,0,'narva1657'),(135,2,'Item',56,0,'2019-02-18'),(136,2,'Item',64,1,'<a href=\"https://creativecommons.org/licenses/by-sa/4.0/\">CC BY-SA 4.0</a>'),(137,2,'Item',65,0,'XML/TEI 5'),(141,1,'Item',81,0,'Vaasa'),(142,3,'Item',50,0,'Tuomiopöytäkirja, Vaasa 1657'),(143,3,'Item',41,1,'<p>Vaasan raastuvanoikeuteen 26.8.1657 oli kutsuttu todistajaksi Gertrudh Nätyri (Kerttu Nätyri) noituudesta syytetyn kerjäläisnaisen Margareta (Marketta) Persdotter Parkoisen ilmiannon perusteella. Nätyriltä kirjoitettiin tähän pöytäkirjaan neljä loitsua (<a href=\"http://kalevala-dev.ngrok.io/loitsut/items/show/1\" target=\"_blank\" rel=\"noreferrer\">Tulen sanat, Vaasa 1657</a>; <a href=\"http://kalevala-dev.ngrok.io/loitsut/items/show/7\" target=\"_blank\" rel=\"noreferrer\">Raudan sanat, Vaasa 1657</a>; <a href=\"http://kalevala-dev.ngrok.io/loitsut/items/show/9\" target=\"_blank\" rel=\"noreferrer\">Maasta tarttuu, Vaasa 1657</a>; <a href=\"http://kalevala-dev.ngrok.io/loitsut/items/show/8\" target=\"_blank\" rel=\"noreferrer\">Kirot, Vaasa 1657</a>) ja jatkokäsittelyssä seuraavana vuonna kolme näiden toisintoa. Oikeusprosessista, joka jatkui syksyyn 1658, tuli poikkeuksellisen pitkä ja laaja-alainen. Syytettyjä oli lopulta yli tusina, ja kaksi heistä tuomittiin kuolemaan, muut pienempiin rangaistuksiin. Koko oikeustapauksesta tarkemmin: Vaasa-Isokyrö-Vähäkyrö 1657–1658.</p>'),(144,3,'Item',41,1,'<p><strong>Oikeudenkäynti- tai muistiinpanopaikka</strong>: Vaasa</p>\n<p><strong>Muistiinpanon tuottanut instituutio</strong>: Vaasan raastuvanoikeus</p>\n<p><strong>Esittäjän nimet tutkimuskirjallisuudessa</strong>: Kerttu Nätyri; Kerttu Naturi</p>\n<p><strong>Esittäjän nimi tässä asiakirjassa</strong>: Gertrudh Nätyri</p>\n<p><strong>Esittäjän nimet asiakirjoissa</strong>: Gertrudh Nätyri, Giertrudh Nätyr, Gertrudh Nätur, Giertrudh Nätur</p>\n<p><strong>Esittäjän kotipaikka tässä asiakirjassa</strong>: Vähäkyrö, Selkämäki</p>\n<p><strong>Esittäjän kotipaikat eri lähteissä</strong>: Vähäkyrö, Ojaniemi; Vähäkyrö, Selkämäki</p>\n<p><strong>Esittäjän syntymäpaikka</strong>: Kalajoki</p>\n<p><strong>Esittäjän ammatti tai asema</strong>: löskona (irtolainen/itsellinen), (parantaja)</p>\n<p><strong>Syytetyn tai epäillyn nimi</strong>: Margareta Persdotter Parkoinen (Marketta Parkoinen)</p>\n<p><strong>Syytenimike</strong>: noituus</p>\n<p><strong>Esittäjän rooli oikeudenkäynnissä</strong>: todistaja</p>'),(145,3,'Item',39,1,'<strong>Kuvat ja digitointi</strong>: Kansallisarkisto'),(146,3,'Item',39,1,'<strong>Transkriptio</strong>: Lari Ahokas'),(147,3,'Item',39,1,'<strong>Kommentaari</strong>: Lari Ahokas'),(148,3,'Item',48,0,'Kansallisarkisto, Raastuvanoikeuksien renovoidut tuomiokirjat, Vaasan raastuvanoikeus, V:1, tuomiokirja 1650–1659, 26.8.1657, s.n., [360] r. 16–24'),(149,3,'Item',48,1,'<a href=\"http://digi.narc.fi/digi/view.ka?kuid=11824928\">http://digi.narc.fi/digi/view.ka?kuid=11824928</a>'),(150,3,'Item',45,0,'Suomalaisen Kirjallisuuden Seura'),(151,3,'Item',40,0,'1657-08-26'),(152,3,'Item',37,0,'Suomalaisen Kirjallisuuden Seura'),(153,3,'Item',47,1,'<strong>Kuvat</strong>: Kansallisarkisto'),(154,3,'Item',47,1,'<strong>Transkriptio ja kommentaari</strong>: tekijät/SKS'),(155,3,'Item',46,0,'http://kalevala-dev.ngrok.io/loitsut/items/show/1'),(156,3,'Item',42,0,'TEI'),(157,3,'Item',44,0,'suomi, svenska'),(158,3,'Item',51,0,'käräjäpöytäkirja'),(159,3,'Item',43,0,'vaasa1657-kp'),(160,3,'Item',56,0,'2018-11-29'),(161,3,'Item',61,0,'2019-01-28'),(162,3,'Item',64,1,'<a href=\"https://creativecommons.org/licenses/by-sa/4.0/\">CC BY-SA 4.0</a>'),(163,3,'Item',65,0,'XML/TEI 5'),(164,3,'Item',81,0,'Vaasa'),(165,1,'Item',46,0,'http://kalevala-dev.ngrok.io/loitsut/items/show/1'),(166,1,'Item',46,0,'http://kalevala-dev.ngrok.io/loitsut/items/show/3'),(167,3,'Item',46,0,'http://kalevala-dev.ngrok.io/loitsut/items/show/3'),(168,2,'Item',46,0,'http://kalevala-dev.ngrok.io/loitsut/items/show/2'),(169,2,'Item',46,0,'http://kalevala-dev.ngrok.io/loitsut/items/show/4'),(170,2,'Item',81,0,'Narva'),(171,4,'Item',50,0,'Tuomiopöytäkirja, Narva 1615'),(172,4,'Item',41,1,'Suomalainen vääpelin vaimo Birgitta haastettiin huhtikuussa 1615 Narvassa käräjille, koska Johann Watzonin leski syytti tämän sairastuttaneen tyttärensä lapsen ja toisen tyttärensä. Seitsemän todistajan lausunnot toistivat samaa: Birgitta tuli pyytämään olutta, ja kun sitä ei annettu, hän sairastutti jonkun talon väestä. Kiellettyään pitkään syyllisyytensä Birgitta lopulta tunnusti teot ja antoi sanat (\"Formalien\"), joita hän oli noituudessaan käyttänyt. Kyseessä on yksinkertaisen <i>Voiteen luvun </i>varhaisin suomenkielinen tallenne. Birgitta poltettiin roviolla 5.5.1615.'),(173,4,'Item',41,1,'<p><strong>Oikeudenkäynti- tai muistiinpanopaikka</strong>: Narva</p>\n<p><strong>Muistiinpanon tuottanut instituutio</strong>: Narvan raastuvanoikeus</p>\n<p><strong>Esittäjän nimet tutkimuskirjallisuudessa</strong>: Birgitta; Brigitta</p>\n<p><strong>Esittäjän nimet asiakirjoissa</strong>: Birgitta</p>\n<p><strong>Esittäjän kotipaikka tässä asiakirjassa</strong>: Narva</p>\n<p><strong>Esittäjän kotipaikat eri lähteissä</strong>: Narva</p>\n<p><strong>Esittäjän ammatti tai asema</strong>: vääpelin (Wachtmeister) vaimo</p>\n<p><strong>Syytetyn tai epäillyn nimi</strong>: Birgitta</p>\n<p><strong>Syytenimike</strong>: noituus</p>\n<p><strong>Esittäjän rooli oikeudenkäynnissä</strong>: syytetty</p>'),(174,4,'Item',39,1,'<strong>Kuvat ja digitointi</strong>: Kansallisarkisto'),(175,4,'Item',39,1,'<strong>Transkriptio</strong>: Lari Ahokas'),(176,4,'Item',39,1,'<strong>Kommentaari</strong>: Senni Timonen, Kati Kallio, Lari Ahokas'),(177,4,'Item',48,0,'Tartu, Rahvusarhiiv: Narva magistraat: Kolleegium: Kantselei : Protokollid: EAA 1646.1.74 Протоколы 1603–1622, s. 359'),(178,4,'Item',45,0,'Suomalaisen Kirjallisuuden Seura'),(179,4,'Item',40,0,'1615-04-28 - 1615-05-02'),(180,4,'Item',37,0,'Suomalaisen Kirjallisuuden Seura'),(181,4,'Item',47,1,'<strong>Kuvat</strong>: Kansallisarkisto'),(182,4,'Item',47,1,'<strong>Transkriptio ja kommentaari</strong>: tekijät/SKS'),(183,4,'Item',46,0,'http://kalevala-dev.ngrok.io/loitsut/items/show/2'),(184,4,'Item',46,0,'http://kalevala-dev.ngrok.io/loitsut/items/show/4'),(185,4,'Item',42,0,'TEI'),(186,4,'Item',44,0,'suomi, Deutsch'),(187,4,'Item',51,0,'käräjäpöytäkirja'),(188,4,'Item',43,0,'narva1657-pk'),(189,4,'Item',56,0,'2019-02-18'),(190,4,'Item',64,1,'<a href=\"https://creativecommons.org/licenses/by-sa/4.0/\">CC BY-SA 4.0</a>'),(191,4,'Item',65,0,'TEI/XML5'),(192,4,'Item',81,0,'Narva'),(193,5,'Item',50,0,'Puun sanat, Kokkola 1656'),(194,5,'Item',41,0,'Alaveteliläinen Dordi Andersdotter paljasti taikuudesta syytettynä parantavan nesteen valmistuksen ja tähän liittyvän erilaisia puita mainitsevan loitsun. Hän kertoi keittävänsä yhdeksän puun kappaleita vedessä ja käyttävänsä tätä vettä sekä lyhyttä loitsua erilaisten sairauksien parantamiseen. Myöhemmissä loitsuaineistoissa teema esiintyy myös pidemmissä muodoissa. '),(195,5,'Item',39,1,'<p><b>Kuva ja digitointi</b>: Kansallisarkisto</p>'),(196,5,'Item',39,1,'<p><b>Transkriptio</b>: Lari Ahokas / SKS</p>'),(197,5,'Item',39,1,'<b>Kommentaari</b>: Senni Timonen, Kati Kallio, Lari Ahokas / SKS'),(198,5,'Item',48,0,'Kansallisarkisto, Kihlakunnanoikeuksien renovoidut tuomiokirjat, Pohjanmaan tuomiokunta, KO a:9, varsinaisten asioiden pöytäkirjat 1655–1656, Kokkolan talvikäräjät 29.1.1656, f. 427r,9–10.'),(199,5,'Item',48,1,'<p><a href=\"http://digi.narc.fi/digi/view.ka?kuid=3709693\">http://digi.narc.fi/digi/view.ka?kuid=3709693</a></p>'),(200,5,'Item',45,0,'Suomalaisen Kirjallisuuden Seura'),(201,5,'Item',40,0,'1656-01-29'),(202,5,'Item',37,0,'Suomalaisen Kirjallisuuden Seura'),(203,5,'Item',47,1,'<b>Kuva</b>: Kansallisarkisto'),(204,5,'Item',47,1,'<p><b>Transkriptio</b>: Lari Ahokas / SKS</p>'),(205,5,'Item',47,1,'<p><b>Kommentaari</b>: Senni Timonen, Kati Kallio, Lari Ahokas / SKS</p>'),(206,5,'Item',46,0,'http://kalevala-dev.ngrok.io/loitsut/items/show/5'),(207,5,'Item',46,0,'http://kalevala-dev.ngrok.io/loitsut/items/show/6'),(208,5,'Item',42,0,'TEI'),(209,5,'Item',44,0,'suomi, svenska'),(210,5,'Item',51,0,'loitsu'),(211,5,'Item',43,0,'kokkola1656'),(212,5,'Item',56,0,'2019-02-18'),(213,5,'Item',64,1,'<a href=\"https://creativecommons.org/licenses/by-sa/4.0/\">CC BY-SA 4.0</a>'),(214,5,'Item',65,0,'XML/TEI5'),(215,5,'Item',81,0,'Kokkola'),(216,5,'Item',41,1,'<p><b>Oikeudenkäynti- tai muistiinpanopaikka</b>: Kokkola</p>\n<p><b>Muistiinpanon tuottanut instituutio</b>: Kokkolan kihlakunnanoikeus</p>\n<p><b>Esittäjän nimet tutkimuskirjallisuudessa</b>: Dordi Antintytär</p>\n<p><b>Esittäjän nimi tässä asiakirjassa: </b>Dårdi Andersdåtter</p>\n<p><b>Esittäjän nimet asiakirjoissa</b>: Dordi Andersdotter,</p>\n<p><b>Esittäjän kotipaikka tässä asiakirjassa: </b>Ala-Veteli</p>\n<p><b>Esittäjän kotipaikat eri lähteissä:</b> Ala-Veteli</p>\n<p><b>Esittäjän ammatti tai asema</b>: (parantaja)</p>\n<p><b>Syytetyn tai epäillyn nimi</b>: Dordi Andersdotter</p>\n<p><b>Syytenimike:</b> taikuuden harjoittaminen</p>\n<p><b>Esittäjän rooli oikeudenkäynnissä: </b>syytetty</p>\n<p><b>Loitsua kehystävät kristilliset formulat: </b>Lopussa avunpyyntö Jumalalle</p>\n<p><b>Käytetyt aineet: </b>yhdeksän erilaisen puun palasista keitetty neste</p>'),(217,6,'Item',50,0,'Tuomiopöytäkirja, Kokkola 1656'),(218,6,'Item',41,0,'Alaveteliläinen Dordi Andersdotter paljasti taikuudesta syytettynä parantavan nesteen valmistuksen ja tähän liittyvän erilaisia puita mainitsevan loitsun. Hän kertoi keittävänsä yhdeksän puun kappaleita vedessä ja käyttävänsä tätä vettä sekä lyhyttä loitsua erilaisten sairauksien parantamiseen. Myöhemmissä loitsuaineistoissa teema esiintyy myös pidemmissä muodoissa. '),(219,6,'Item',41,1,'<p><b>Oikeudenkäynti- tai muistiinpanopaikka</b>: Kokkola</p>\n<p><b>Muistiinpanon tuottanut instituutio</b>: Kokkolan kihlakunnanoikeus</p>\n<p><b>Esittäjän nimet tutkimuskirjallisuudessa</b>: Dordi Antintytär</p>\n<p><b>Esittäjän nimi tässä asiakirjassa: </b>Dårdi Andersdåtter</p>\n<p><b>Esittäjän nimet asiakirjoissa</b>: Dordi Andersdotter,</p>\n<p><b>Esittäjän kotipaikka tässä asiakirjassa: </b>Ala-Veteli</p>\n<p><b>Esittäjän kotipaikat eri lähteissä:</b> Ala-Veteli</p>\n<p><b>Esittäjän ammatti tai asema</b>: (parantaja)</p>\n<p><b>Syytetyn tai epäillyn nimi</b>: Dordi Andersdotter</p>\n<p><b>Syytenimike:</b> taikuuden harjoittaminen</p>\n<p><b>Esittäjän rooli oikeudenkäynnissä: </b>syytetty</p>'),(220,6,'Item',39,1,'<b>Kuva ja digitointi</b>: Kansallisarkisto'),(221,6,'Item',39,1,'<b>Transkriptio</b>: Lari Ahokas / SKS'),(222,6,'Item',39,1,'<b>Kommentaari</b>: Senni Timonen, Kati Kallio, Lari Ahokas / SKS'),(223,6,'Item',48,0,'Kansallisarkisto, Kihlakunnanoikeuksien renovoidut tuomiokirjat, Pohjanmaan tuomiokunta, KO a:9, varsinaisten asioiden pöytäkirjat 1655–1656, Kokkolan talvikäräjät 29.1.1656, f. 427r,9–10.'),(224,6,'Item',48,1,'<a href=\"http://digi.narc.fi/digi/view.ka?kuid=3709693\">http://digi.narc.fi/digi/view.ka?kuid=3709693</a>'),(225,6,'Item',45,0,'Suomalaisen Kirjallisuuden Seura'),(226,6,'Item',40,0,'1656-01-29'),(227,6,'Item',37,0,'Suomalaisen Kirjallisuuden Seura'),(228,6,'Item',47,1,'<b>Kuva</b>: Kansallisarkisto'),(229,6,'Item',47,1,'<b>Transkriptio</b>: Lari Ahokas / SKS'),(230,6,'Item',47,1,'<b>Kommentaari</b>: Senni Timonen, Kati Kallio, Lari Ahokas / SKS'),(231,6,'Item',46,0,'http://kalevala-dev.ngrok.io/loitsut/items/show/5'),(232,6,'Item',46,0,'http://kalevala-dev.ngrok.io/loitsut/items/show/6'),(233,6,'Item',42,0,'TEI'),(234,6,'Item',44,0,'suomi, svenska'),(235,6,'Item',51,0,'käräjäpöytäkirja'),(236,6,'Item',43,0,'kokkola1656-pk'),(237,6,'Item',56,0,'2019-02-18\r\n'),(238,6,'Item',64,1,'<a href=\"https://creativecommons.org/licenses/by-sa/4.0/\">CC BY-SA 4.0</a>'),(239,6,'Item',65,0,'XML/TEI5'),(240,6,'Item',81,0,'Kokkola'),(241,7,'Item',50,0,'Raudan sanat, Vaasa 1657'),(242,7,'Item',41,1,'<p>Kerttu Nätyrin (Gertrudh Nätyr) teräaseiden iskemien haavojen parantamiseen tarkoitettu loitsu sisältää raudan syntymyytin, jossa rauta syntyy neljän neidon maahan lypsämästä maidosta ja muuttuu vahingoittavaksi ampiaisen vihoista. Nätyri kertoi oikeudenkäynnissä peräkkäin neljä loitsua eri vaivoihin. Kaikki loitsut tuli aloittaa pyhän kolminaisuuden nimeen ja yleensä lopettaa kalevalamittaisilla <i>Voiteen sanoilla</i> (\"Tule Jeesus ilman herra...\") sekä <i>Isä meidän</i> -rukouksella. Seuraavana vuonna Nätyriltä tallennettiin todisteeksi vielä kolme loitsua lisää. Hänet tuomittiin kolmen muun naisen kanssa kuukaudeksi vankeuteen ja puolen vuoden pakkotyöhön.</p>'),(243,7,'Item',41,1,'<p><b>Oikeudenkäynti- tai muistiinpanopaikka</b>: Vaasa.</p>\n<p><b>Muistiinpanon tuottanut instituutio</b>: Vaasan raastuvanoikeus</p>\n<p><b>Esittäjän nimet tutkimuskirjallisuudessa</b>: Kerttu Nätyri; Kerttu Naturi</p>\n<p><b>Esittäjän nimi tässä asiakirjassa: </b>Gertrudh Nätyri</p>\n<p><b>Esittäjän nimet asiakirjoissa</b>: Gertrudh Nätyri, Giertrudh Nätyr, Gertrudh Nätur, Giertrudh Nätur</p>\n<p><b>Esittäjän kotipaikka tässä asiakirjassa</b>: Vähäkyrö, Selkämäki</p>\n<p><b>Esittäjän kotipaikat eri lähteissä</b>: Vähäkyrö, Ojaniemi; Vähäkyrö, Selkämäki</p>\n<p><b>Esittäjän syntymäpaikka</b>: Kalajoki</p>\n<p><b>Esittäjän ammatti tai asema</b>: löskona (irtolainen/itsellinen), (parantaja)</p>\n<p><b>Syytetyn tai epäillyn nimi</b>: Margareta Persdotter Parkoinen (Marketta Parkoinen)</p>\n<p><b>Syytenimike</b>: noituus</p>\n<p><b>Esittäjän rooli oikeudenkäynnissä</b>: todistaja</p>\n<p><b>Loitsua kehystävät kristilliset formulat</b>: Isä meidän</p>'),(244,7,'Item',39,1,'<p><b>Kuva ja digitointi</b>: Kansallisarkisto</p>'),(245,7,'Item',39,1,'<b>Transkriptio</b>: Lari Ahokas, Senni Timonen / SKS'),(246,7,'Item',39,1,'<p><b>Kommentaari</b>: Senni Timonen, Kati Kallio, Lari Ahokas / SKS</p>'),(247,7,'Item',48,0,'Kansallisarkisto, Raastuvanoikeuksien renovoidut tuomiokirjat, Vaasan raastuvanoikeus, V:1, tuomiokirja 1650–1659, 26.8.1657, s.n., [360] r. 25–29'),(248,7,'Item',48,1,'<p><a href=\"http://digi.narc.fi/digi/view.ka?kuid=11824928\">http://digi.narc.fi/digi/view.ka?kuid=11824928</a></p>'),(249,7,'Item',45,0,'Suomalaisen Kirjallisudeen Seura'),(250,7,'Item',40,0,'1657-08-26'),(251,7,'Item',37,0,'Suomalaisen Kirjallisuuden Seura'),(252,7,'Item',47,1,'<p><b>Kuva ja digitointi</b>: Kansallisarkisto</p>'),(253,7,'Item',47,1,'<p><b>Transkriptio</b>: Lari Ahokas, Senni Timonen / SKS</p>'),(254,7,'Item',47,1,'<b>Kommentaari</b>: Senni Timonen, Kati Kallio, Lari Ahokas / SKS'),(255,7,'Item',46,0,'http://kalevala-dev.ngrok.io/loitsut/items/show/7'),(256,7,'Item',46,0,'http://kalevala-dev.ngrok.io/loitsut/items/show/3'),(257,7,'Item',42,0,'TEI'),(258,7,'Item',44,0,'suomi, svenska'),(259,7,'Item',51,0,'loitsu'),(260,7,'Item',43,0,'vaasa1657_b'),(261,7,'Item',56,0,'2018-12-04'),(262,7,'Item',61,0,'2019-01-28'),(263,7,'Item',64,1,'<a href=\"https://creativecommons.org/licenses/by-sa/4.0/\">CC BY-SA 4.0</a>'),(264,7,'Item',65,0,'XML/TEI5'),(265,7,'Item',81,0,'Vaasa'),(266,1,'Item',7,0,'TEI'),(267,2,'Item',7,0,'TEI'),(268,3,'Item',7,0,'TEI'),(269,8,'Item',50,0,'Kirot, Vaasa 1657'),(270,8,'Item',41,1,'<p>Kerttu Nätyrin (Gertrudh Nätyr) sanelema kirouksesta tai noitumisesta aiheutuneen vaivan parannusloitsu kävi ilmi lähes kahden vuoden ajalle jaottuvan oikeudenkäyntien sarjan alkupuolella vuonna 1657. Jeesukselle osoitettu loitsu on omaleimainen yhdistelmä vanhakantaisia tietäjän varaussanoja ja lyyrisiä elementtejä. Nätyri kertoi oikeudenkäynnissä peräkkäin neljä loitsua eri vaivoihin. Kaikki loitsut tuli aloittaa pyhän kolminaisuuden nimeen ja lopettaa kalevalamittaisilla <span style=\"font-style:italic;\">Voiteen sanoilla</span> (\"Tule Jeesus ilman herra...\") sekä <span style=\"font-style:italic;\">Isä meidän</span> -rukouksella. Seuraavana vuonna Nätyriltä tallennettiin todisteeksi vielä kolme loitsua lisää. Hänet tuomittiin kolmen muun naisen kanssa kuukaudeksi vankeuteen ja puolen vuoden pakkotyöhön, mutta tuomio lievennettiin raippa- ja kirkkorangaistukseksi.</p>'),(271,8,'Item',41,1,'<p><b>Oikeudenkäynti- tai muistiinpanopaikka</b>: Vaasa</p>\n<p><b>Muistiinpanon tuottanut instituutio</b>: Vaasan raastuvanoikeus</p>\n<p><b>Esittäjän nimet tutkimuskirjallisuudessa</b>: Kerttu Nätyri; Kerttu Naturi</p>\n<p><b>Esittäjän nimi tässä asiakirjassa: </b>Gertrudh Nätyri</p>\n<p><b>Esittäjän nimet asiakirjoissa</b>: Gertrudh Nätyri, Giertrudh Nätyr, Gertrudh Nätur, Giertrudh Nätur</p>\n<p><b>Esittäjän kotipaikka tässä asiakirjassa</b>: Vähäkyrö, Selkämäki</p>\n<p><b>Esittäjän kotipaikat eri lähteissä</b>: Vähäkyrö, Ojaniemi; Vähäkyrö, Selkämäki</p>\n<p><b>Esittäjän syntymäpaikka</b>: Kalajoki</p>\n<p><b>Esittäjän ammatti tai asema</b>: löskona (irtolainen/itsellinen), (parantaja)</p>\n<p><b>Syytetyn tai epäillyn nimi</b>: Margareta Persdotter Parkoinen (Marketta Parkoinen)</p>\n<p><b>Syytenimike</b>: noituus</p>\n<p><b>Esittäjän rooli oikeudenkäynnissä</b>: todistaja</p>\n<p><b>Loitsua kehystävät kristilliset formulat</b>: Isä meidän, trinitaarinen formula</p>'),(272,8,'Item',39,1,'<strong>Kuvat ja digitointi</strong>: Kansallisarkisto'),(273,8,'Item',39,1,'<strong>Transkriptio</strong>: Lari Ahokas'),(274,8,'Item',39,1,'<strong>Kommentaari</strong>: Senni Timonen, Kati Kallio, Lari Ahokas'),(275,8,'Item',48,0,'Kansallisarkisto, Raastuvanoikeuksien renovoidut tuomiokirjat, Vaasan raastuvanoikeus, V:1, tuomiokirja 1650–1659, 26.8.1657, s.n., [360] r. 32–36'),(276,8,'Item',48,1,'<a href=\"http://digi.narc.fi/digi/view.ka?kuid=11824928\">http://digi.narc.fi/digi/view.ka?kuid=11824928</a>'),(277,8,'Item',45,0,'Suomalaisen Kirjallisuuden Seura'),(278,8,'Item',40,0,'1657-08-26'),(279,8,'Item',37,0,'Suomalaisen Kirjallisuuden Seura'),(280,8,'Item',47,1,'<strong>Kuvat</strong>: Kansallisarkisto'),(281,8,'Item',47,1,'<strong>Transkriptio ja kommentaari</strong>: tekijät/SKS'),(282,8,'Item',46,0,'http://kalevala-dev.ngrok.io/loitsut/items/show/8'),(283,8,'Item',46,0,'http://kalevala-dev.ngrok.io/loitsut/items/show/3'),(284,8,'Item',42,0,'TEI'),(285,8,'Item',44,0,'suomi, svenska'),(286,8,'Item',51,0,'loitsu'),(287,8,'Item',43,0,'vaasa1657_c'),(288,8,'Item',56,0,'2018-11-29'),(289,8,'Item',61,0,'2019-01-30'),(290,8,'Item',65,0,'XML/TEI5'),(291,8,'Item',81,0,'Vaasa'),(292,8,'Item',64,1,'<a href=\"https://creativecommons.org/licenses/by-sa/4.0/\">CC BY-SA 4.0</a>'),(293,9,'Item',50,0,'Maasta tarttuu, Vaasa 1657'),(294,9,'Item',41,1,'<p>Kerttu Nätyrin (Gertrudh Nätyr) sanelema lyhyt maasta tarttuneen vaivan parannusloitsu, jossa tartunta manataan takaisin siihen pahaan paikkaan, josta se on tullutkin. Loitsun käyttöön kuului myös taika, jossa kipeää paikkaa siveltiin maalla ja palautettiin sitten maa sinne, mistä se oli otettu. Nätyri kertoi oikeudenkäynnissä peräkkäin neljä loitsua eri vaivoihin. Kaikki loitsut tuli aloittaa pyhän kolminaisuuden nimeen ja lopettaa kalevalamittaisilla <span style=\"font-style:italic;\">Voiteen sanoilla</span> (\"Tule Jeesus ilman herra...\") sekä <span style=\"font-style:italic;\">Isä meidän</span> -rukouksella. Seuraavana vuonna Nätyriltä tallennettiin todisteeksi vielä kolme loitsua lisää. Hänet tuomittiin kolmen muun naisen kanssa kuukaudeksi vankeuteen ja puolen vuoden pakkotyöhön.</p>'),(295,9,'Item',41,1,'<p><b>Oikeudenkäynti- tai muistiinpanopaikka</b>: Vaasa.</p>\n<p><b>Muistiinpanon tuottanut instituutio</b>: Vaasan raastuvanoikeus</p>\n<p><b>Esittäjän nimet tutkimuskirjallisuudessa</b>: Kerttu Nätyri; Kerttu Naturi</p>\n<p><b>Esittäjän nimi tässä asiakirjassa: </b>Gertrudh Nätyri</p>\n<p><b>Esittäjän nimet asiakirjoissa</b>: Gertrudh Nätyri, Giertrudh Nätyr, Gertrudh Nätur, Giertrudh Nätur</p>\n<p><b>Esittäjän kotipaikka tässä asiakirjassa</b>: Vähäkyrö, Selkämäki</p>\n<p><b>Esittäjän kotipaikat eri lähteissä</b>: Vähäkyrö, Ojaniemi; Vähäkyrö, Selkämäki</p>\n<p><b>Esittäjän syntymäpaikka</b>: Kalajoki</p>\n<p><b>Esittäjän ammatti tai asema</b>: löskona (irtolainen/itsellinen), (parantaja)</p>\n<p><b>Syytetyn tai epäillyn nimi</b>: Margareta Persdotter Parkoinen (Marketta Parkoinen)</p>\n<p><b>Syytenimike</b>: noituus</p>\n<p><b>Esittäjän rooli oikeudenkäynnissä</b>: todistaja</p>\n<p><b>Loitsua kehystävät kristilliset formulat</b>: Isä meidän</p>\n<p><b>Käytetyt aineet</b>: voide; maa</p>'),(296,9,'Item',39,1,'<strong>Kuvat ja digitointi</strong>: Kansallisarkisto'),(297,9,'Item',39,1,'<strong>Transkriptio</strong>: Lari Ahokas'),(298,9,'Item',39,1,'<strong>Kommentaari</strong>: Senni Timonen, Kati Kallio, Lari Ahokas'),(299,9,'Item',48,0,'Kansallisarkisto, Raastuvanoikeuksien renovoidut tuomiokirjat, Vaasan raastuvanoikeus, V:1, tuomiokirja 1650–1659, 26.8.1657, s.n., [360] r. 30–31'),(300,9,'Item',48,1,'<p><a href=\"http://digi.narc.fi/digi/view.ka?kuid=11824928\">http://digi.narc.fi/digi/view.ka?kuid=11824928</a></p>'),(301,9,'Item',45,0,'Suomalaisen Kirjallisuuden Seura'),(302,9,'Item',40,0,'1657-08-26'),(303,9,'Item',37,0,'Suomalaisen Kirjallisuuden Seura'),(304,9,'Item',47,1,'<strong>Kuvat</strong>: Kansallisarkisto'),(305,9,'Item',47,1,'<strong>Transkriptio ja kommentaari</strong>: tekijät/SKS'),(306,9,'Item',46,0,'http://kalevala-dev.ngrok.io/loitsut/items/show/9'),(307,9,'Item',46,0,'http://kalevala-dev.ngrok.io/loitsut/items/show/3'),(308,9,'Item',42,0,'TEI'),(309,9,'Item',44,0,'suomi, svenska'),(310,9,'Item',51,0,'loitsu'),(311,9,'Item',43,0,'vaasa1657_d'),(312,9,'Item',56,0,'2018-11-29'),(313,9,'Item',61,0,'2019-01-28'),(314,9,'Item',64,1,'<a href=\"https://creativecommons.org/licenses/by-sa/4.0/\">CC BY-SA 4.0</a>'),(315,9,'Item',65,0,'XML/TEI5'),(316,9,'Item',81,0,'Vaasa');
/*!40000 ALTER TABLE `loitsut_element_texts` ENABLE KEYS */;
UNLOCK TABLES;

--
-- Table structure for table `loitsut_elements`
--

DROP TABLE IF EXISTS `loitsut_elements`;
/*!40101 SET @saved_cs_client     = @@character_set_client */;
/*!40101 SET character_set_client = utf8 */;
CREATE TABLE `loitsut_elements` (
  `id` int(10) unsigned NOT NULL AUTO_INCREMENT,
  `element_set_id` int(10) unsigned NOT NULL,
  `order` int(10) unsigned DEFAULT NULL,
  `name` varchar(255) COLLATE utf8_unicode_ci NOT NULL,
  `description` text COLLATE utf8_unicode_ci,
  `comment` text COLLATE utf8_unicode_ci,
  PRIMARY KEY (`id`),
  UNIQUE KEY `name_element_set_id` (`element_set_id`,`name`),
  UNIQUE KEY `order_element_set_id` (`element_set_id`,`order`),
  KEY `element_set_id` (`element_set_id`)
) ENGINE=InnoDB AUTO_INCREMENT=92 DEFAULT CHARSET=utf8 COLLATE=utf8_unicode_ci;
/*!40101 SET character_set_client = @saved_cs_client */;

--
-- Dumping data for table `loitsut_elements`
--

LOCK TABLES `loitsut_elements` WRITE;
/*!40000 ALTER TABLE `loitsut_elements` DISABLE KEYS */;
INSERT INTO `loitsut_elements` VALUES (1,3,NULL,'Text','Any textual data included in the document',NULL),(2,3,NULL,'Interviewer','The person(s) performing the interview',NULL),(3,3,NULL,'Interviewee','The person(s) being interviewed',NULL),(4,3,NULL,'Location','The location of the interview',NULL),(5,3,NULL,'Transcription','Any written text transcribed from a sound',NULL),(6,3,NULL,'Local URL','The URL of the local directory containing all assets of the website',NULL),(7,3,NULL,'Original Format','The type of object, such as painting, sculpture, paper, photo, and additional data',NULL),(10,3,NULL,'Physical Dimensions','The actual physical size of the original image',NULL),(11,3,NULL,'Duration','Length of time involved (seconds, minutes, hours, days, class periods, etc.)',NULL),(12,3,NULL,'Compression','Type/rate of compression for moving image file (i.e. MPEG-4)',NULL),(13,3,NULL,'Producer','Name (or names) of the person who produced the video',NULL),(14,3,NULL,'Director','Name (or names) of the person who produced the video',NULL),(15,3,NULL,'Bit Rate/Frequency','Rate at which bits are transferred (i.e. 96 kbit/s would be FM quality audio)',NULL),(16,3,NULL,'Time Summary','A summary of an interview given for different time stamps throughout the interview',NULL),(17,3,NULL,'Email Body','The main body of the email, including all replied and forwarded text and headers',NULL),(18,3,NULL,'Subject Line','The content of the subject line of the email',NULL),(19,3,NULL,'From','The name and email address of the person sending the email',NULL),(20,3,NULL,'To','The name(s) and email address(es) of the person to whom the email was sent',NULL),(21,3,NULL,'CC','The name(s) and email address(es) of the person to whom the email was carbon copied',NULL),(22,3,NULL,'BCC','The name(s) and email address(es) of the person to whom the email was blind carbon copied',NULL),(23,3,NULL,'Number of Attachments','The number of attachments to the email',NULL),(24,3,NULL,'Standards','',NULL),(25,3,NULL,'Objectives','',NULL),(26,3,NULL,'Materials','',NULL),(27,3,NULL,'Lesson Plan Text','',NULL),(28,3,NULL,'URL','',NULL),(29,3,NULL,'Event Type','',NULL),(30,3,NULL,'Participants','Names of individuals or groups participating in the event',NULL),(31,3,NULL,'Birth Date','',NULL),(32,3,NULL,'Birthplace','',NULL),(33,3,NULL,'Death Date','',NULL),(34,3,NULL,'Occupation','',NULL),(35,3,NULL,'Biographical Text','',NULL),(36,3,NULL,'Bibliography','',NULL),(37,1,8,'Contributor','An entity responsible for making contributions to the resource',NULL),(38,1,15,'Coverage','The spatial or temporal topic of the resource, the spatial applicability of the resource, or the jurisdiction under which the resource is relevant',NULL),(39,1,4,'Creator','An entity primarily responsible for making the resource',NULL),(40,1,7,'Date','A point or period of time associated with an event in the lifecycle of the resource',NULL),(41,1,3,'Description','An account of the resource',NULL),(42,1,11,'Format','The file format, physical medium, or dimensions of the resource',NULL),(43,1,14,'Identifier','An unambiguous reference to the resource within a given context',NULL),(44,1,12,'Language','A language of the resource',NULL),(45,1,6,'Publisher','An entity responsible for making the resource available',NULL),(46,1,10,'Relation','A related resource',NULL),(47,1,9,'Rights','Information about rights held in and over the resource',NULL),(48,1,5,'Source','A related resource from which the described resource is derived',NULL),(49,1,2,'Subject','The topic of the resource',NULL),(50,1,1,'Title','A name given to the resource',NULL),(51,1,13,'Type','The nature or genre of the resource',NULL),(52,1,NULL,'Alternative Title','An alternative name for the resource. The distinction between titles and alternative titles is application-specific.',NULL),(53,1,NULL,'Abstract','A summary of the resource.',NULL),(54,1,NULL,'Table Of Contents','A list of subunits of the resource.',NULL),(55,1,NULL,'Date Available','Date (often a range) that the resource became or will become available.',NULL),(56,1,NULL,'Date Created','Date of creation of the resource.',NULL),(57,1,NULL,'Date Accepted','Date of acceptance of the resource. Examples of resources to which a Date Accepted may be relevant are a thesis (accepted by a university department) or an article (accepted by a journal).',NULL),(58,1,NULL,'Date Copyrighted','Date of copyright.',NULL),(59,1,NULL,'Date Submitted','Date of submission of the resource. Examples of resources to which a Date Submitted may be relevant are a thesis (submitted to a university department) or an article (submitted to a journal).',NULL),(60,1,NULL,'Date Issued','Date of formal issuance (e.g., publication) of the resource.',NULL),(61,1,NULL,'Date Modified','Date on which the resource was changed.',NULL),(62,1,NULL,'Date Valid','Date (often a range) of validity of a resource.',NULL),(63,1,NULL,'Access Rights','Information about who can access the resource or an indication of its security status. Access Rights may include information regarding access or restrictions based on privacy, security, or other policies.',NULL),(64,1,NULL,'License','A legal document giving official permission to do something with the resource.',NULL),(65,1,NULL,'Conforms To','An established standard to which the described resource conforms.',NULL),(66,1,NULL,'Has Format','A related resource that is substantially the same as the pre-existing described resource, but in another format.',NULL),(67,1,NULL,'Has Part','A related resource that is included either physically or logically in the described resource.',NULL),(68,1,NULL,'Has Version','A related resource that is a version, edition, or adaptation of the described resource.',NULL),(69,1,NULL,'Is Format Of','A related resource that is substantially the same as the described resource, but in another format.',NULL),(70,1,NULL,'Is Part Of','A related resource in which the described resource is physically or logically included.',NULL),(71,1,NULL,'Is Referenced By','A related resource that references, cites, or otherwise points to the described resource.',NULL),(72,1,NULL,'Is Replaced By','A related resource that supplants, displaces, or supersedes the described resource.',NULL),(73,1,NULL,'Is Required By','A related resource that requires the described resource to support its function, delivery, or coherence.',NULL),(74,1,NULL,'Is Version Of','A related resource of which the described resource is a version, edition, or adaptation. Changes in version imply substantive changes in content rather than differences in format.',NULL),(75,1,NULL,'References','A related resource that is referenced, cited, or otherwise pointed to by the described resource.',NULL),(76,1,NULL,'Replaces','A related resource that is supplanted, displaced, or superseded by the described resource.',NULL),(77,1,NULL,'Requires','A related resource that is required by the described resource to support its function, delivery, or coherence.',NULL),(78,1,NULL,'Extent','The size or duration of the resource.',NULL),(79,1,NULL,'Medium','The material or physical carrier of the resource.',NULL),(80,1,NULL,'Bibliographic Citation','A bibliographic reference for the resource. Recommended practice is to include sufficient bibliographic detail to identify the resource as unambiguously as possible.',NULL),(81,1,NULL,'Spatial Coverage','Spatial characteristics of the resource.',NULL),(82,1,NULL,'Temporal Coverage','Temporal characteristics of the resource.',NULL),(83,1,NULL,'Accrual Method','The method by which items are added to a collection.',NULL),(84,1,NULL,'Accrual Periodicity','The frequency with which items are added to a collection.',NULL),(85,1,NULL,'Accrual Policy','The policy governing the addition of items to a collection.',NULL),(86,1,NULL,'Audience','A class of entity for whom the resource is intended or useful.',NULL),(87,1,NULL,'Audience Education Level','A class of entity, defined in terms of progression through an educational or training context, for which the described resource is intended.',NULL),(88,1,NULL,'Mediator','An entity that mediates access to the resource and for whom the resource is intended or useful. In an educational context, a mediator might be a parent, teacher, teaching assistant, or care-giver.',NULL),(89,1,NULL,'Instructional Method','A process, used to engender knowledge, attitudes and skills, that the described resource is designed to support. Instructional Method will typically include ways of presenting instructional materials or conducting instructional activities, patterns of learner-to-learner and learner-to-instructor interactions, and mechanisms by which group and individual levels of learning are measured. Instructional methods include all aspects of the instruction and learning processes from planning and implementation through evaluation and feedback.',NULL),(90,1,NULL,'Provenance','A statement of any changes in ownership and custody of the resource since its creation that are significant for its authenticity, integrity, and interpretation. The statement may include a description of any changes successive custodians made to the resource.',NULL),(91,1,NULL,'Rights Holder','A person or organization owning or managing rights over the resource.',NULL);
/*!40000 ALTER TABLE `loitsut_elements` ENABLE KEYS */;
UNLOCK TABLES;

--
-- Table structure for table `loitsut_files`
--

DROP TABLE IF EXISTS `loitsut_files`;
/*!40101 SET @saved_cs_client     = @@character_set_client */;
/*!40101 SET character_set_client = utf8 */;
CREATE TABLE `loitsut_files` (
  `id` int(10) unsigned NOT NULL AUTO_INCREMENT,
  `item_id` int(10) unsigned NOT NULL,
  `order` int(10) unsigned DEFAULT NULL,
  `size` bigint(20) unsigned NOT NULL,
  `has_derivative_image` tinyint(1) NOT NULL,
  `authentication` char(32) COLLATE utf8_unicode_ci DEFAULT NULL,
  `mime_type` varchar(255) COLLATE utf8_unicode_ci DEFAULT NULL,
  `type_os` varchar(255) COLLATE utf8_unicode_ci DEFAULT NULL,
  `filename` text COLLATE utf8_unicode_ci NOT NULL,
  `original_filename` text COLLATE utf8_unicode_ci NOT NULL,
  `modified` timestamp NOT NULL DEFAULT CURRENT_TIMESTAMP ON UPDATE CURRENT_TIMESTAMP,
  `added` timestamp NOT NULL DEFAULT '1999-12-31 22:00:00',
  `stored` tinyint(1) NOT NULL DEFAULT '0',
  `metadata` text COLLATE utf8_unicode_ci NOT NULL,
  PRIMARY KEY (`id`),
  KEY `item_id` (`item_id`)
) ENGINE=InnoDB AUTO_INCREMENT=200 DEFAULT CHARSET=utf8 COLLATE=utf8_unicode_ci;
/*!40101 SET character_set_client = @saved_cs_client */;

--
-- Dumping data for table `loitsut_files`
--

LOCK TABLES `loitsut_files` WRITE;
/*!40000 ALTER TABLE `loitsut_files` DISABLE KEYS */;
INSERT INTO `loitsut_files` VALUES (115,3,1,1989970,1,'5b0911f9aeeadccdf188b0c1910a9d2c','image/jpeg','JPEG image data, JFIF standard 1.02, resolution (DPI), density 72x72, segment length 16, Exif Standard: [TIFF image data, big-endian, direntries=9, description=Records creator: Raastuvanoikeuksien renovoidut tuomiokirjat ( - 1809), \\nArchive/Fond: Raastuv','3/Tuomioki_357a.jpg','Tuomioki_357a.jpg','2019-06-07 12:05:56','2019-03-28 13:26:29',1,'0'),(116,3,2,1870770,1,'94edda8c4698eed158cf1c18054c34d4','image/jpeg','JPEG image data, JFIF standard 1.02, resolution (DPI), density 72x72, segment length 16, Exif Standard: [TIFF image data, big-endian, direntries=9, description=Records creator: Raastuvanoikeuksien renovoidut tuomiokirjat ( - 1809), \\nArchive/Fond: Raastuv','3/Tuomioki_357b.jpg','Tuomioki_357b.jpg','2019-06-07 12:05:56','2019-03-28 13:26:31',1,'0'),(117,3,3,2023877,1,'be94437ab1b7767f1743ecf1ab183cd0','image/jpeg','JPEG image data, JFIF standard 1.02, resolution (DPI), density 72x72, segment length 16, Exif Standard: [TIFF image data, big-endian, direntries=9, description=Records creator: Raastuvanoikeuksien renovoidut tuomiokirjat ( - 1809), \\nArchive/Fond: Raastuv','3/Tuomioki_358a.jpg','Tuomioki_358a.jpg','2019-06-07 12:05:56','2019-03-28 13:26:32',1,'0'),(118,3,4,1904519,1,'2414f1e8468c4ea4060c9b9951c8218d','image/jpeg','JPEG image data, JFIF standard 1.02, resolution (DPI), density 72x72, segment length 16, Exif Standard: [TIFF image data, big-endian, direntries=9, description=Records creator: Raastuvanoikeuksien renovoidut tuomiokirjat ( - 1809), \\nArchive/Fond: Raastuv','3/Tuomioki_358b.jpg','Tuomioki_358b.jpg','2019-06-07 12:05:56','2019-03-28 13:26:34',1,'0'),(119,3,5,2015319,1,'fb8819a65c42d4ac28bb0dd6a8038b33','image/jpeg','JPEG image data, JFIF standard 1.02, resolution (DPI), density 72x72, segment length 16, Exif Standard: [TIFF image data, big-endian, direntries=9, description=Records creator: Raastuvanoikeuksien renovoidut tuomiokirjat ( - 1809), \\nArchive/Fond: Raastuv','3/Tuomioki_360a.jpg','Tuomioki_360a.jpg','2019-06-07 12:05:56','2019-03-28 13:26:36',1,'0'),(121,3,7,1981119,1,'31c7cb54fff3e4677bdff6c6f5c4aa01','image/jpeg','JPEG image data, JFIF standard 1.02, resolution (DPI), density 72x72, segment length 16, Exif Standard: [TIFF image data, big-endian, direntries=9, description=Records creator: Raastuvanoikeuksien renovoidut tuomiokirjat ( - 1809), \\nArchive/Fond: Raastuv','3/Tuomioki_361a.jpg','Tuomioki_361a.jpg','2019-06-07 12:05:56','2019-03-28 13:26:39',1,'0'),(127,2,NULL,1823201,1,'b07bcccebb54ba864a8195e8ec19beed','image/jpeg','JPEG image data, JFIF standard 1.02, resolution (DPI), density 72x72, segment length 16, Exif Standard: [TIFF image data, little-endian, direntries=11, manufacturer=Canon, model=Canon EOS-1Ds Mark III, orientation=upper-left, xresolution=175, yresolution=','2/eaa1646_001_0000074_00352b.jpg','eaa1646_001_0000074_00352b.jpg','2019-06-07 12:05:56','2019-03-29 09:02:47',1,'0'),(132,4,NULL,1842799,1,'d00cc79f95061cc1eecf0c25044ff2fe','image/jpeg','JPEG image data, JFIF standard 1.02, resolution (DPI), density 72x72, segment length 16, Exif Standard: [TIFF image data, little-endian, direntries=11, manufacturer=Canon, model=Canon EOS-1Ds Mark III, orientation=upper-left, xresolution=175, yresolution=','4/eaa1646_001_0000074_00345.JPG','eaa1646_001_0000074_00345.JPG','2019-06-07 12:05:56','2019-03-29 09:26:48',1,'{\"mime_type\":\"image\\/jpeg\",\"video\":{\"dataformat\":\"jpg\",\"lossless\":false,\"bits_per_sample\":24,\"pixel_aspect_ratio\":1,\"resolution_x\":2861,\"resolution_y\":3744,\"compression_ratio\":0.057345984807974},\"jpg\":{\"exif\":{\"FILE\":{\"FileName\":\"1206761f97c3b4b38b79ea3abb2f2f8f.JPG\",\"FileDateTime\":1553851557,\"FileSize\":1842799,\"FileType\":2,\"MimeType\":\"image\\/jpeg\",\"SectionsFound\":\"ANY_TAG, IFD0, THUMBNAIL, EXIF, GPS, INTEROP\"},\"COMPUTED\":{\"html\":\"width=\\\"2861\\\" height=\\\"3744\\\"\",\"Height\":3744,\"Width\":2861,\"IsColor\":1,\"ByteOrderMotorola\":0,\"CCDWidth\":\"18mm\",\"ApertureFNumber\":\"f\\/9.0\",\"UserComment\":null,\"UserCommentEncoding\":\"UNDEFINED\",\"Thumbnail.FileType\":2,\"Thumbnail.MimeType\":\"image\\/jpeg\"},\"IFD0\":{\"Make\":\"Canon\",\"Model\":\"Canon EOS-1Ds Mark III\",\"Orientation\":1,\"XResolution\":72,\"YResolution\":72,\"ResolutionUnit\":2,\"Software\":\"Adobe Photoshop Elements 10.0 Windows\",\"DateTime\":\"2019:03:26 13:21:23\",\"YCbCrPositioning\":2,\"Exif_IFD_Pointer\":252,\"GPS_IFD_Pointer\":1020},\"THUMBNAIL\":{\"Compression\":6,\"XResolution\":72,\"YResolution\":72,\"ResolutionUnit\":2,\"JPEGInterchangeFormat\":1134,\"JPEGInterchangeFormatLength\":9204},\"EXIF\":{\"ExposureTime\":0.02,\"FNumber\":9,\"ExposureProgram\":1,\"ISOSpeedRatings\":400,\"ExifVersion\":221,\"DateTimeOriginal\":\"2018:04:04 10:42:10\",\"DateTimeDigitized\":\"2018:04:04 10:42:10\",\"ComponentsConfiguration\":\"\\u0001\\u0002\\u0003\\u0000\",\"ShutterSpeedValue\":5.625,\"ApertureValue\":6.375,\"ExposureBiasValue\":0,\"MeteringMode\":5,\"Flash\":0,\"FocalLength\":50,\"UserComment\":\"\\u0000\\u0000\\u0000\\u0000\\u0000\\u0000\\u0000\\u0000\\u0000\\u0000\\u0000\\u0000\\u0000\\u0000\\u0000\\u0000\\u0000\\u0000\\u0000\\u0000\\u0000\\u0000\\u0000\\u0000\\u0000\\u0000\\u0000\\u0000\\u0000\\u0000\\u0000\\u0000\\u0000\\u0000\\u0000\\u0000\\u0000\\u0000\\u0000\\u0000\\u0000\\u0000\\u0000\\u0000\\u0000\\u0000\\u0000\\u0000\\u0000\\u0000\\u0000\\u0000\\u0000\\u0000\\u0000\\u0000\\u0000\\u0000\\u0000\\u0000\\u0000\\u0000\\u0000\\u0000\\u0000\\u0000\\u0000\\u0000\\u0000\\u0000\\u0000\\u0000\\u0000\\u0000\\u0000\\u0000\\u0000\\u0000\\u0000\\u0000\\u0000\\u0000\\u0000\\u0000\\u0000\\u0000\\u0000\\u0000\\u0000\\u0000\\u0000\\u0000\\u0000\\u0000\\u0000\\u0000\\u0000\\u0000\\u0000\\u0000\\u0000\\u0000\\u0000\\u0000\\u0000\\u0000\\u0000\\u0000\\u0000\\u0000\\u0000\\u0000\\u0000\\u0000\\u0000\\u0000\\u0000\\u0000\\u0000\\u0000\\u0000\\u0000\\u0000\\u0000\\u0000\\u0000\\u0000\\u0000\\u0000\\u0000\\u0000\\u0000\\u0000\\u0000\\u0000\\u0000\\u0000\\u0000\\u0000\\u0000\\u0000\\u0000\\u0000\\u0000\\u0000\\u0000\\u0000\\u0000\\u0000\\u0000\\u0000\\u0000\\u0000\\u0000\\u0000\\u0000\\u0000\\u0000\\u0000\\u0000\\u0000\\u0000\\u0000\\u0000\\u0000\\u0000\\u0000\\u0000\\u0000\\u0000\\u0000\\u0000\\u0000\\u0000\\u0000\\u0000\\u0000\\u0000\\u0000\\u0000\\u0000\\u0000\\u0000\\u0000\\u0000\\u0000\\u0000\\u0000\\u0000\\u0000\\u0000\\u0000\\u0000\\u0000\\u0000\\u0000\\u0000\\u0000\\u0000\\u0000\\u0000\\u0000\\u0000\\u0000\\u0000\\u0000\\u0000\\u0000\\u0000\\u0000\\u0000\\u0000\\u0000\\u0000\\u0000\\u0000\\u0000\\u0000\\u0000\\u0000\\u0000\\u0000\\u0000\\u0000\\u0000\\u0000\\u0000\\u0000\\u0000\\u0000\\u0000\\u0000\\u0000\\u0000\\u0000\\u0000\\u0000\\u0000\\u0000\\u0000\\u0000\\u0000\\u0000\\u0000\\u0000\\u0000\\u0000\\u0000\\u0000\\u0000\\u0000\\u0000\\u0000\\u0000\\u0000\\u0000\\u0000\\u0000\\u0000\\u0000\\u0000\\u0000\\u0000\\u0000\",\"SubSecTime\":53,\"SubSecTimeOriginal\":53,\"SubSecTimeDigitized\":53,\"FlashPixVersion\":100,\"ColorSpace\":1,\"ExifImageWidth\":2861,\"ExifImageLength\":3744,\"InteroperabilityOffset\":988,\"FocalPlaneXResolution\":3957.7167019027,\"FocalPlaneYResolution\":3961.9047619048,\"FocalPlaneResolutionUnit\":2,\"CustomRendered\":0,\"ExposureMode\":1,\"WhiteBalance\":1,\"SceneCaptureType\":0},\"GPS\":{\"GPSVersion\":\"\\u0002\\u0002\\u0000\\u0000\",\"computed\":{\"version\":\"v2.2.0.0\"}},\"INTEROP\":{\"InterOperabilityIndex\":\"R98\",\"InterOperabilityVersion\":\"0100\"}}}}'),(133,4,NULL,1754415,1,'37d05d551491b60a2309b8beea8e5479','image/jpeg','JPEG image data, JFIF standard 1.02, resolution (DPI), density 72x72, segment length 16, Exif Standard: [TIFF image data, little-endian, direntries=11, manufacturer=Canon, model=Canon EOS-1Ds Mark III, orientation=upper-left, xresolution=175, yresolution=','4/eaa1646_001_0000074_00346a.jpg','eaa1646_001_0000074_00346a.jpg','2019-06-07 12:05:56','2019-03-29 09:26:49',1,'{\"mime_type\":\"image\\/jpeg\",\"video\":{\"dataformat\":\"jpg\",\"lossless\":false,\"bits_per_sample\":24,\"pixel_aspect_ratio\":1,\"resolution_x\":2768,\"resolution_y\":3744,\"compression_ratio\":0.056429883188825},\"jpg\":{\"exif\":{\"FILE\":{\"FileName\":\"7126646698c6449086aed8f34fc03984.jpg\",\"FileDateTime\":1553851560,\"FileSize\":1754415,\"FileType\":2,\"MimeType\":\"image\\/jpeg\",\"SectionsFound\":\"ANY_TAG, IFD0, THUMBNAIL, EXIF, GPS, INTEROP\"},\"COMPUTED\":{\"html\":\"width=\\\"2768\\\" height=\\\"3744\\\"\",\"Height\":3744,\"Width\":2768,\"IsColor\":1,\"ByteOrderMotorola\":0,\"CCDWidth\":\"17mm\",\"ApertureFNumber\":\"f\\/9.0\",\"UserComment\":null,\"UserCommentEncoding\":\"UNDEFINED\",\"Thumbnail.FileType\":2,\"Thumbnail.MimeType\":\"image\\/jpeg\"},\"IFD0\":{\"Make\":\"Canon\",\"Model\":\"Canon EOS-1Ds Mark III\",\"Orientation\":1,\"XResolution\":72,\"YResolution\":72,\"ResolutionUnit\":2,\"Software\":\"Adobe Photoshop Elements 10.0 Windows\",\"DateTime\":\"2019:03:26 13:22:13\",\"YCbCrPositioning\":2,\"Exif_IFD_Pointer\":252,\"GPS_IFD_Pointer\":1020},\"THUMBNAIL\":{\"Compression\":6,\"XResolution\":72,\"YResolution\":72,\"ResolutionUnit\":2,\"JPEGInterchangeFormat\":1134,\"JPEGInterchangeFormatLength\":9011},\"EXIF\":{\"ExposureTime\":0.02,\"FNumber\":9,\"ExposureProgram\":1,\"ISOSpeedRatings\":400,\"ExifVersion\":221,\"DateTimeOriginal\":\"2018:04:04 10:42:38\",\"DateTimeDigitized\":\"2018:04:04 10:42:38\",\"ComponentsConfiguration\":\"\\u0001\\u0002\\u0003\\u0000\",\"ShutterSpeedValue\":5.625,\"ApertureValue\":6.375,\"ExposureBiasValue\":0,\"MeteringMode\":5,\"Flash\":0,\"FocalLength\":50,\"UserComment\":\"\\u0000\\u0000\\u0000\\u0000\\u0000\\u0000\\u0000\\u0000\\u0000\\u0000\\u0000\\u0000\\u0000\\u0000\\u0000\\u0000\\u0000\\u0000\\u0000\\u0000\\u0000\\u0000\\u0000\\u0000\\u0000\\u0000\\u0000\\u0000\\u0000\\u0000\\u0000\\u0000\\u0000\\u0000\\u0000\\u0000\\u0000\\u0000\\u0000\\u0000\\u0000\\u0000\\u0000\\u0000\\u0000\\u0000\\u0000\\u0000\\u0000\\u0000\\u0000\\u0000\\u0000\\u0000\\u0000\\u0000\\u0000\\u0000\\u0000\\u0000\\u0000\\u0000\\u0000\\u0000\\u0000\\u0000\\u0000\\u0000\\u0000\\u0000\\u0000\\u0000\\u0000\\u0000\\u0000\\u0000\\u0000\\u0000\\u0000\\u0000\\u0000\\u0000\\u0000\\u0000\\u0000\\u0000\\u0000\\u0000\\u0000\\u0000\\u0000\\u0000\\u0000\\u0000\\u0000\\u0000\\u0000\\u0000\\u0000\\u0000\\u0000\\u0000\\u0000\\u0000\\u0000\\u0000\\u0000\\u0000\\u0000\\u0000\\u0000\\u0000\\u0000\\u0000\\u0000\\u0000\\u0000\\u0000\\u0000\\u0000\\u0000\\u0000\\u0000\\u0000\\u0000\\u0000\\u0000\\u0000\\u0000\\u0000\\u0000\\u0000\\u0000\\u0000\\u0000\\u0000\\u0000\\u0000\\u0000\\u0000\\u0000\\u0000\\u0000\\u0000\\u0000\\u0000\\u0000\\u0000\\u0000\\u0000\\u0000\\u0000\\u0000\\u0000\\u0000\\u0000\\u0000\\u0000\\u0000\\u0000\\u0000\\u0000\\u0000\\u0000\\u0000\\u0000\\u0000\\u0000\\u0000\\u0000\\u0000\\u0000\\u0000\\u0000\\u0000\\u0000\\u0000\\u0000\\u0000\\u0000\\u0000\\u0000\\u0000\\u0000\\u0000\\u0000\\u0000\\u0000\\u0000\\u0000\\u0000\\u0000\\u0000\\u0000\\u0000\\u0000\\u0000\\u0000\\u0000\\u0000\\u0000\\u0000\\u0000\\u0000\\u0000\\u0000\\u0000\\u0000\\u0000\\u0000\\u0000\\u0000\\u0000\\u0000\\u0000\\u0000\\u0000\\u0000\\u0000\\u0000\\u0000\\u0000\\u0000\\u0000\\u0000\\u0000\\u0000\\u0000\\u0000\\u0000\\u0000\\u0000\\u0000\\u0000\\u0000\\u0000\\u0000\\u0000\\u0000\\u0000\\u0000\\u0000\\u0000\\u0000\\u0000\\u0000\\u0000\\u0000\\u0000\\u0000\\u0000\\u0000\\u0000\\u0000\\u0000\\u0000\\u0000\\u0000\\u0000\\u0000\\u0000\\u0000\\u0000\\u0000\",\"SubSecTime\":34,\"SubSecTimeOriginal\":34,\"SubSecTimeDigitized\":34,\"FlashPixVersion\":100,\"ColorSpace\":1,\"ExifImageWidth\":2768,\"ExifImageLength\":3744,\"InteroperabilityOffset\":988,\"FocalPlaneXResolution\":3957.7167019027,\"FocalPlaneYResolution\":3961.9047619048,\"FocalPlaneResolutionUnit\":2,\"CustomRendered\":0,\"ExposureMode\":1,\"WhiteBalance\":1,\"SceneCaptureType\":0},\"GPS\":{\"GPSVersion\":\"\\u0002\\u0002\\u0000\\u0000\",\"computed\":{\"version\":\"v2.2.0.0\"}},\"INTEROP\":{\"InterOperabilityIndex\":\"R98\",\"InterOperabilityVersion\":\"0100\"}}}}'),(134,4,NULL,1816941,1,'2d5448bbedc720b35bc19dd09495d3f3','image/jpeg','JPEG image data, JFIF standard 1.02, resolution (DPI), density 72x72, segment length 16, Exif Standard: [TIFF image data, little-endian, direntries=11, manufacturer=Canon, model=Canon EOS-1Ds Mark III, orientation=upper-left, xresolution=175, yresolution=','4/eaa1646_001_0000074_00346b.jpg','eaa1646_001_0000074_00346b.jpg','2019-06-07 12:05:56','2019-03-29 09:26:50',1,'{\"mime_type\":\"image\\/jpeg\",\"video\":{\"dataformat\":\"jpg\",\"lossless\":false,\"bits_per_sample\":24,\"pixel_aspect_ratio\":1,\"resolution_x\":2880,\"resolution_y\":3744,\"compression_ratio\":0.056168295198243},\"jpg\":{\"exif\":{\"FILE\":{\"FileName\":\"09a22826814aec38c542b70b5ee19bc3.jpg\",\"FileDateTime\":1553851563,\"FileSize\":1816941,\"FileType\":2,\"MimeType\":\"image\\/jpeg\",\"SectionsFound\":\"ANY_TAG, IFD0, THUMBNAIL, EXIF, GPS, INTEROP\"},\"COMPUTED\":{\"html\":\"width=\\\"2880\\\" height=\\\"3744\\\"\",\"Height\":3744,\"Width\":2880,\"IsColor\":1,\"ByteOrderMotorola\":0,\"CCDWidth\":\"18mm\",\"ApertureFNumber\":\"f\\/9.0\",\"UserComment\":null,\"UserCommentEncoding\":\"UNDEFINED\",\"Thumbnail.FileType\":2,\"Thumbnail.MimeType\":\"image\\/jpeg\"},\"IFD0\":{\"Make\":\"Canon\",\"Model\":\"Canon EOS-1Ds Mark III\",\"Orientation\":1,\"XResolution\":72,\"YResolution\":72,\"ResolutionUnit\":2,\"Software\":\"Adobe Photoshop Elements 10.0 Windows\",\"DateTime\":\"2019:03:26 13:22:30\",\"YCbCrPositioning\":2,\"Exif_IFD_Pointer\":252,\"GPS_IFD_Pointer\":1020},\"THUMBNAIL\":{\"Compression\":6,\"XResolution\":72,\"YResolution\":72,\"ResolutionUnit\":2,\"JPEGInterchangeFormat\":1134,\"JPEGInterchangeFormatLength\":8826},\"EXIF\":{\"ExposureTime\":0.02,\"FNumber\":9,\"ExposureProgram\":1,\"ISOSpeedRatings\":400,\"ExifVersion\":221,\"DateTimeOriginal\":\"2018:04:04 10:42:38\",\"DateTimeDigitized\":\"2018:04:04 10:42:38\",\"ComponentsConfiguration\":\"\\u0001\\u0002\\u0003\\u0000\",\"ShutterSpeedValue\":5.625,\"ApertureValue\":6.375,\"ExposureBiasValue\":0,\"MeteringMode\":5,\"Flash\":0,\"FocalLength\":50,\"UserComment\":\"\\u0000\\u0000\\u0000\\u0000\\u0000\\u0000\\u0000\\u0000\\u0000\\u0000\\u0000\\u0000\\u0000\\u0000\\u0000\\u0000\\u0000\\u0000\\u0000\\u0000\\u0000\\u0000\\u0000\\u0000\\u0000\\u0000\\u0000\\u0000\\u0000\\u0000\\u0000\\u0000\\u0000\\u0000\\u0000\\u0000\\u0000\\u0000\\u0000\\u0000\\u0000\\u0000\\u0000\\u0000\\u0000\\u0000\\u0000\\u0000\\u0000\\u0000\\u0000\\u0000\\u0000\\u0000\\u0000\\u0000\\u0000\\u0000\\u0000\\u0000\\u0000\\u0000\\u0000\\u0000\\u0000\\u0000\\u0000\\u0000\\u0000\\u0000\\u0000\\u0000\\u0000\\u0000\\u0000\\u0000\\u0000\\u0000\\u0000\\u0000\\u0000\\u0000\\u0000\\u0000\\u0000\\u0000\\u0000\\u0000\\u0000\\u0000\\u0000\\u0000\\u0000\\u0000\\u0000\\u0000\\u0000\\u0000\\u0000\\u0000\\u0000\\u0000\\u0000\\u0000\\u0000\\u0000\\u0000\\u0000\\u0000\\u0000\\u0000\\u0000\\u0000\\u0000\\u0000\\u0000\\u0000\\u0000\\u0000\\u0000\\u0000\\u0000\\u0000\\u0000\\u0000\\u0000\\u0000\\u0000\\u0000\\u0000\\u0000\\u0000\\u0000\\u0000\\u0000\\u0000\\u0000\\u0000\\u0000\\u0000\\u0000\\u0000\\u0000\\u0000\\u0000\\u0000\\u0000\\u0000\\u0000\\u0000\\u0000\\u0000\\u0000\\u0000\\u0000\\u0000\\u0000\\u0000\\u0000\\u0000\\u0000\\u0000\\u0000\\u0000\\u0000\\u0000\\u0000\\u0000\\u0000\\u0000\\u0000\\u0000\\u0000\\u0000\\u0000\\u0000\\u0000\\u0000\\u0000\\u0000\\u0000\\u0000\\u0000\\u0000\\u0000\\u0000\\u0000\\u0000\\u0000\\u0000\\u0000\\u0000\\u0000\\u0000\\u0000\\u0000\\u0000\\u0000\\u0000\\u0000\\u0000\\u0000\\u0000\\u0000\\u0000\\u0000\\u0000\\u0000\\u0000\\u0000\\u0000\\u0000\\u0000\\u0000\\u0000\\u0000\\u0000\\u0000\\u0000\\u0000\\u0000\\u0000\\u0000\\u0000\\u0000\\u0000\\u0000\\u0000\\u0000\\u0000\\u0000\\u0000\\u0000\\u0000\\u0000\\u0000\\u0000\\u0000\\u0000\\u0000\\u0000\\u0000\\u0000\\u0000\\u0000\\u0000\\u0000\\u0000\\u0000\\u0000\\u0000\\u0000\\u0000\\u0000\\u0000\\u0000\\u0000\\u0000\\u0000\\u0000\\u0000\\u0000\\u0000\\u0000\",\"SubSecTime\":34,\"SubSecTimeOriginal\":34,\"SubSecTimeDigitized\":34,\"FlashPixVersion\":100,\"ColorSpace\":1,\"ExifImageWidth\":2880,\"ExifImageLength\":3744,\"InteroperabilityOffset\":988,\"FocalPlaneXResolution\":3957.7167019027,\"FocalPlaneYResolution\":3961.9047619048,\"FocalPlaneResolutionUnit\":2,\"CustomRendered\":0,\"ExposureMode\":1,\"WhiteBalance\":1,\"SceneCaptureType\":0},\"GPS\":{\"GPSVersion\":\"\\u0002\\u0002\\u0000\\u0000\",\"computed\":{\"version\":\"v2.2.0.0\"}},\"INTEROP\":{\"InterOperabilityIndex\":\"R98\",\"InterOperabilityVersion\":\"0100\"}}}}'),(135,4,NULL,1669443,1,'3136b21633c33b330aef33e7707f96cd','image/jpeg','JPEG image data, JFIF standard 1.02, resolution (DPI), density 72x72, segment length 16, Exif Standard: [TIFF image data, little-endian, direntries=11, manufacturer=Canon, model=Canon EOS-1Ds Mark III, orientation=upper-left, xresolution=175, yresolution=','4/eaa1646_001_0000074_00347a.jpg','eaa1646_001_0000074_00347a.jpg','2019-06-07 12:05:56','2019-03-29 09:26:51',1,'{\"mime_type\":\"image\\/jpeg\",\"video\":{\"dataformat\":\"jpg\",\"lossless\":false,\"bits_per_sample\":24,\"pixel_aspect_ratio\":1,\"resolution_x\":2762,\"resolution_y\":3744,\"compression_ratio\":0.053813448851012},\"jpg\":{\"exif\":{\"FILE\":{\"FileName\":\"4319337fcdbd63d439912fc7db911292.jpg\",\"FileDateTime\":1553851566,\"FileSize\":1669443,\"FileType\":2,\"MimeType\":\"image\\/jpeg\",\"SectionsFound\":\"ANY_TAG, IFD0, THUMBNAIL, EXIF, GPS, INTEROP\"},\"COMPUTED\":{\"html\":\"width=\\\"2762\\\" height=\\\"3744\\\"\",\"Height\":3744,\"Width\":2762,\"IsColor\":1,\"ByteOrderMotorola\":0,\"CCDWidth\":\"17mm\",\"ApertureFNumber\":\"f\\/9.0\",\"UserComment\":null,\"UserCommentEncoding\":\"UNDEFINED\",\"Thumbnail.FileType\":2,\"Thumbnail.MimeType\":\"image\\/jpeg\"},\"IFD0\":{\"Make\":\"Canon\",\"Model\":\"Canon EOS-1Ds Mark III\",\"Orientation\":1,\"XResolution\":72,\"YResolution\":72,\"ResolutionUnit\":2,\"Software\":\"Adobe Photoshop Elements 10.0 Windows\",\"DateTime\":\"2019:03:26 13:23:17\",\"YCbCrPositioning\":2,\"Exif_IFD_Pointer\":252,\"GPS_IFD_Pointer\":1020},\"THUMBNAIL\":{\"Compression\":6,\"XResolution\":72,\"YResolution\":72,\"ResolutionUnit\":2,\"JPEGInterchangeFormat\":1134,\"JPEGInterchangeFormatLength\":8612},\"EXIF\":{\"ExposureTime\":0.02,\"FNumber\":9,\"ExposureProgram\":1,\"ISOSpeedRatings\":400,\"ExifVersion\":221,\"DateTimeOriginal\":\"2018:04:04 10:42:48\",\"DateTimeDigitized\":\"2018:04:04 10:42:48\",\"ComponentsConfiguration\":\"\\u0001\\u0002\\u0003\\u0000\",\"ShutterSpeedValue\":5.625,\"ApertureValue\":6.375,\"ExposureBiasValue\":0,\"MeteringMode\":5,\"Flash\":0,\"FocalLength\":50,\"UserComment\":\"\\u0000\\u0000\\u0000\\u0000\\u0000\\u0000\\u0000\\u0000\\u0000\\u0000\\u0000\\u0000\\u0000\\u0000\\u0000\\u0000\\u0000\\u0000\\u0000\\u0000\\u0000\\u0000\\u0000\\u0000\\u0000\\u0000\\u0000\\u0000\\u0000\\u0000\\u0000\\u0000\\u0000\\u0000\\u0000\\u0000\\u0000\\u0000\\u0000\\u0000\\u0000\\u0000\\u0000\\u0000\\u0000\\u0000\\u0000\\u0000\\u0000\\u0000\\u0000\\u0000\\u0000\\u0000\\u0000\\u0000\\u0000\\u0000\\u0000\\u0000\\u0000\\u0000\\u0000\\u0000\\u0000\\u0000\\u0000\\u0000\\u0000\\u0000\\u0000\\u0000\\u0000\\u0000\\u0000\\u0000\\u0000\\u0000\\u0000\\u0000\\u0000\\u0000\\u0000\\u0000\\u0000\\u0000\\u0000\\u0000\\u0000\\u0000\\u0000\\u0000\\u0000\\u0000\\u0000\\u0000\\u0000\\u0000\\u0000\\u0000\\u0000\\u0000\\u0000\\u0000\\u0000\\u0000\\u0000\\u0000\\u0000\\u0000\\u0000\\u0000\\u0000\\u0000\\u0000\\u0000\\u0000\\u0000\\u0000\\u0000\\u0000\\u0000\\u0000\\u0000\\u0000\\u0000\\u0000\\u0000\\u0000\\u0000\\u0000\\u0000\\u0000\\u0000\\u0000\\u0000\\u0000\\u0000\\u0000\\u0000\\u0000\\u0000\\u0000\\u0000\\u0000\\u0000\\u0000\\u0000\\u0000\\u0000\\u0000\\u0000\\u0000\\u0000\\u0000\\u0000\\u0000\\u0000\\u0000\\u0000\\u0000\\u0000\\u0000\\u0000\\u0000\\u0000\\u0000\\u0000\\u0000\\u0000\\u0000\\u0000\\u0000\\u0000\\u0000\\u0000\\u0000\\u0000\\u0000\\u0000\\u0000\\u0000\\u0000\\u0000\\u0000\\u0000\\u0000\\u0000\\u0000\\u0000\\u0000\\u0000\\u0000\\u0000\\u0000\\u0000\\u0000\\u0000\\u0000\\u0000\\u0000\\u0000\\u0000\\u0000\\u0000\\u0000\\u0000\\u0000\\u0000\\u0000\\u0000\\u0000\\u0000\\u0000\\u0000\\u0000\\u0000\\u0000\\u0000\\u0000\\u0000\\u0000\\u0000\\u0000\\u0000\\u0000\\u0000\\u0000\\u0000\\u0000\\u0000\\u0000\\u0000\\u0000\\u0000\\u0000\\u0000\\u0000\\u0000\\u0000\\u0000\\u0000\\u0000\\u0000\\u0000\\u0000\\u0000\\u0000\\u0000\\u0000\\u0000\\u0000\\u0000\\u0000\\u0000\\u0000\\u0000\\u0000\\u0000\\u0000\\u0000\\u0000\\u0000\\u0000\",\"SubSecTime\":75,\"SubSecTimeOriginal\":75,\"SubSecTimeDigitized\":75,\"FlashPixVersion\":100,\"ColorSpace\":1,\"ExifImageWidth\":2762,\"ExifImageLength\":3744,\"InteroperabilityOffset\":988,\"FocalPlaneXResolution\":3957.7167019027,\"FocalPlaneYResolution\":3961.9047619048,\"FocalPlaneResolutionUnit\":2,\"CustomRendered\":0,\"ExposureMode\":1,\"WhiteBalance\":1,\"SceneCaptureType\":0},\"GPS\":{\"GPSVersion\":\"\\u0002\\u0002\\u0000\\u0000\",\"computed\":{\"version\":\"v2.2.0.0\"}},\"INTEROP\":{\"InterOperabilityIndex\":\"R98\",\"InterOperabilityVersion\":\"0100\"}}}}'),(136,4,NULL,1713572,1,'04e5a2d4ac38b91ba7a2a3e1a9faf88a','image/jpeg','JPEG image data, JFIF standard 1.02, resolution (DPI), density 72x72, segment length 16, Exif Standard: [TIFF image data, little-endian, direntries=11, manufacturer=Canon, model=Canon EOS-1Ds Mark III, orientation=upper-left, xresolution=175, yresolution=','4/eaa1646_001_0000074_00347b.jpg','eaa1646_001_0000074_00347b.jpg','2019-06-07 12:05:56','2019-03-29 09:26:51',1,'{\"mime_type\":\"image\\/jpeg\",\"video\":{\"dataformat\":\"jpg\",\"lossless\":false,\"bits_per_sample\":24,\"pixel_aspect_ratio\":1,\"resolution_x\":2855,\"resolution_y\":3744,\"compression_ratio\":0.053436640870967},\"jpg\":{\"exif\":{\"FILE\":{\"FileName\":\"3173d3b329bbd5eb795226aa411c7d43.jpg\",\"FileDateTime\":1553851569,\"FileSize\":1713572,\"FileType\":2,\"MimeType\":\"image\\/jpeg\",\"SectionsFound\":\"ANY_TAG, IFD0, THUMBNAIL, EXIF, GPS, INTEROP\"},\"COMPUTED\":{\"html\":\"width=\\\"2855\\\" height=\\\"3744\\\"\",\"Height\":3744,\"Width\":2855,\"IsColor\":1,\"ByteOrderMotorola\":0,\"CCDWidth\":\"18mm\",\"ApertureFNumber\":\"f\\/9.0\",\"UserComment\":null,\"UserCommentEncoding\":\"UNDEFINED\",\"Thumbnail.FileType\":2,\"Thumbnail.MimeType\":\"image\\/jpeg\"},\"IFD0\":{\"Make\":\"Canon\",\"Model\":\"Canon EOS-1Ds Mark III\",\"Orientation\":1,\"XResolution\":72,\"YResolution\":72,\"ResolutionUnit\":2,\"Software\":\"Adobe Photoshop Elements 10.0 Windows\",\"DateTime\":\"2019:03:26 13:23:32\",\"YCbCrPositioning\":2,\"Exif_IFD_Pointer\":252,\"GPS_IFD_Pointer\":1020},\"THUMBNAIL\":{\"Compression\":6,\"XResolution\":72,\"YResolution\":72,\"ResolutionUnit\":2,\"JPEGInterchangeFormat\":1134,\"JPEGInterchangeFormatLength\":8655},\"EXIF\":{\"ExposureTime\":0.02,\"FNumber\":9,\"ExposureProgram\":1,\"ISOSpeedRatings\":400,\"ExifVersion\":221,\"DateTimeOriginal\":\"2018:04:04 10:42:48\",\"DateTimeDigitized\":\"2018:04:04 10:42:48\",\"ComponentsConfiguration\":\"\\u0001\\u0002\\u0003\\u0000\",\"ShutterSpeedValue\":5.625,\"ApertureValue\":6.375,\"ExposureBiasValue\":0,\"MeteringMode\":5,\"Flash\":0,\"FocalLength\":50,\"UserComment\":\"\\u0000\\u0000\\u0000\\u0000\\u0000\\u0000\\u0000\\u0000\\u0000\\u0000\\u0000\\u0000\\u0000\\u0000\\u0000\\u0000\\u0000\\u0000\\u0000\\u0000\\u0000\\u0000\\u0000\\u0000\\u0000\\u0000\\u0000\\u0000\\u0000\\u0000\\u0000\\u0000\\u0000\\u0000\\u0000\\u0000\\u0000\\u0000\\u0000\\u0000\\u0000\\u0000\\u0000\\u0000\\u0000\\u0000\\u0000\\u0000\\u0000\\u0000\\u0000\\u0000\\u0000\\u0000\\u0000\\u0000\\u0000\\u0000\\u0000\\u0000\\u0000\\u0000\\u0000\\u0000\\u0000\\u0000\\u0000\\u0000\\u0000\\u0000\\u0000\\u0000\\u0000\\u0000\\u0000\\u0000\\u0000\\u0000\\u0000\\u0000\\u0000\\u0000\\u0000\\u0000\\u0000\\u0000\\u0000\\u0000\\u0000\\u0000\\u0000\\u0000\\u0000\\u0000\\u0000\\u0000\\u0000\\u0000\\u0000\\u0000\\u0000\\u0000\\u0000\\u0000\\u0000\\u0000\\u0000\\u0000\\u0000\\u0000\\u0000\\u0000\\u0000\\u0000\\u0000\\u0000\\u0000\\u0000\\u0000\\u0000\\u0000\\u0000\\u0000\\u0000\\u0000\\u0000\\u0000\\u0000\\u0000\\u0000\\u0000\\u0000\\u0000\\u0000\\u0000\\u0000\\u0000\\u0000\\u0000\\u0000\\u0000\\u0000\\u0000\\u0000\\u0000\\u0000\\u0000\\u0000\\u0000\\u0000\\u0000\\u0000\\u0000\\u0000\\u0000\\u0000\\u0000\\u0000\\u0000\\u0000\\u0000\\u0000\\u0000\\u0000\\u0000\\u0000\\u0000\\u0000\\u0000\\u0000\\u0000\\u0000\\u0000\\u0000\\u0000\\u0000\\u0000\\u0000\\u0000\\u0000\\u0000\\u0000\\u0000\\u0000\\u0000\\u0000\\u0000\\u0000\\u0000\\u0000\\u0000\\u0000\\u0000\\u0000\\u0000\\u0000\\u0000\\u0000\\u0000\\u0000\\u0000\\u0000\\u0000\\u0000\\u0000\\u0000\\u0000\\u0000\\u0000\\u0000\\u0000\\u0000\\u0000\\u0000\\u0000\\u0000\\u0000\\u0000\\u0000\\u0000\\u0000\\u0000\\u0000\\u0000\\u0000\\u0000\\u0000\\u0000\\u0000\\u0000\\u0000\\u0000\\u0000\\u0000\\u0000\\u0000\\u0000\\u0000\\u0000\\u0000\\u0000\\u0000\\u0000\\u0000\\u0000\\u0000\\u0000\\u0000\\u0000\\u0000\\u0000\\u0000\\u0000\\u0000\\u0000\\u0000\\u0000\\u0000\\u0000\\u0000\\u0000\\u0000\\u0000\\u0000\",\"SubSecTime\":75,\"SubSecTimeOriginal\":75,\"SubSecTimeDigitized\":75,\"FlashPixVersion\":100,\"ColorSpace\":1,\"ExifImageWidth\":2855,\"ExifImageLength\":3744,\"InteroperabilityOffset\":988,\"FocalPlaneXResolution\":3957.7167019027,\"FocalPlaneYResolution\":3961.9047619048,\"FocalPlaneResolutionUnit\":2,\"CustomRendered\":0,\"ExposureMode\":1,\"WhiteBalance\":1,\"SceneCaptureType\":0},\"GPS\":{\"GPSVersion\":\"\\u0002\\u0002\\u0000\\u0000\",\"computed\":{\"version\":\"v2.2.0.0\"}},\"INTEROP\":{\"InterOperabilityIndex\":\"R98\",\"InterOperabilityVersion\":\"0100\"}}}}'),(137,4,NULL,1720670,1,'5385b795ec21ccbd5d12de2c2b32ed1d','image/jpeg','JPEG image data, JFIF standard 1.02, resolution (DPI), density 72x72, segment length 16, Exif Standard: [TIFF image data, little-endian, direntries=11, manufacturer=Canon, model=Canon EOS-1Ds Mark III, orientation=upper-left, xresolution=175, yresolution=','4/eaa1646_001_0000074_00348a.jpg','eaa1646_001_0000074_00348a.jpg','2019-06-07 12:05:56','2019-03-29 09:26:52',1,'{\"mime_type\":\"image\\/jpeg\",\"video\":{\"dataformat\":\"jpg\",\"lossless\":false,\"bits_per_sample\":24,\"pixel_aspect_ratio\":1,\"resolution_x\":2762,\"resolution_y\":3744,\"compression_ratio\":0.05546471909162},\"jpg\":{\"exif\":{\"FILE\":{\"FileName\":\"dfc409e1ec4be9a3471f714fc5e449f5.jpg\",\"FileDateTime\":1553851573,\"FileSize\":1720670,\"FileType\":2,\"MimeType\":\"image\\/jpeg\",\"SectionsFound\":\"ANY_TAG, IFD0, THUMBNAIL, EXIF, GPS, INTEROP\"},\"COMPUTED\":{\"html\":\"width=\\\"2762\\\" height=\\\"3744\\\"\",\"Height\":3744,\"Width\":2762,\"IsColor\":1,\"ByteOrderMotorola\":0,\"CCDWidth\":\"17mm\",\"ApertureFNumber\":\"f\\/9.0\",\"UserComment\":null,\"UserCommentEncoding\":\"UNDEFINED\",\"Thumbnail.FileType\":2,\"Thumbnail.MimeType\":\"image\\/jpeg\"},\"IFD0\":{\"Make\":\"Canon\",\"Model\":\"Canon EOS-1Ds Mark III\",\"Orientation\":1,\"XResolution\":72,\"YResolution\":72,\"ResolutionUnit\":2,\"Software\":\"Adobe Photoshop Elements 10.0 Windows\",\"DateTime\":\"2019:03:26 13:26:52\",\"YCbCrPositioning\":2,\"Exif_IFD_Pointer\":252,\"GPS_IFD_Pointer\":1020},\"THUMBNAIL\":{\"Compression\":6,\"XResolution\":72,\"YResolution\":72,\"ResolutionUnit\":2,\"JPEGInterchangeFormat\":1134,\"JPEGInterchangeFormatLength\":9024},\"EXIF\":{\"ExposureTime\":0.02,\"FNumber\":9,\"ExposureProgram\":1,\"ISOSpeedRatings\":400,\"ExifVersion\":221,\"DateTimeOriginal\":\"2018:04:04 10:43:00\",\"DateTimeDigitized\":\"2018:04:04 10:43:00\",\"ComponentsConfiguration\":\"\\u0001\\u0002\\u0003\\u0000\",\"ShutterSpeedValue\":5.625,\"ApertureValue\":6.375,\"ExposureBiasValue\":0,\"MeteringMode\":5,\"Flash\":0,\"FocalLength\":50,\"UserComment\":\"\\u0000\\u0000\\u0000\\u0000\\u0000\\u0000\\u0000\\u0000\\u0000\\u0000\\u0000\\u0000\\u0000\\u0000\\u0000\\u0000\\u0000\\u0000\\u0000\\u0000\\u0000\\u0000\\u0000\\u0000\\u0000\\u0000\\u0000\\u0000\\u0000\\u0000\\u0000\\u0000\\u0000\\u0000\\u0000\\u0000\\u0000\\u0000\\u0000\\u0000\\u0000\\u0000\\u0000\\u0000\\u0000\\u0000\\u0000\\u0000\\u0000\\u0000\\u0000\\u0000\\u0000\\u0000\\u0000\\u0000\\u0000\\u0000\\u0000\\u0000\\u0000\\u0000\\u0000\\u0000\\u0000\\u0000\\u0000\\u0000\\u0000\\u0000\\u0000\\u0000\\u0000\\u0000\\u0000\\u0000\\u0000\\u0000\\u0000\\u0000\\u0000\\u0000\\u0000\\u0000\\u0000\\u0000\\u0000\\u0000\\u0000\\u0000\\u0000\\u0000\\u0000\\u0000\\u0000\\u0000\\u0000\\u0000\\u0000\\u0000\\u0000\\u0000\\u0000\\u0000\\u0000\\u0000\\u0000\\u0000\\u0000\\u0000\\u0000\\u0000\\u0000\\u0000\\u0000\\u0000\\u0000\\u0000\\u0000\\u0000\\u0000\\u0000\\u0000\\u0000\\u0000\\u0000\\u0000\\u0000\\u0000\\u0000\\u0000\\u0000\\u0000\\u0000\\u0000\\u0000\\u0000\\u0000\\u0000\\u0000\\u0000\\u0000\\u0000\\u0000\\u0000\\u0000\\u0000\\u0000\\u0000\\u0000\\u0000\\u0000\\u0000\\u0000\\u0000\\u0000\\u0000\\u0000\\u0000\\u0000\\u0000\\u0000\\u0000\\u0000\\u0000\\u0000\\u0000\\u0000\\u0000\\u0000\\u0000\\u0000\\u0000\\u0000\\u0000\\u0000\\u0000\\u0000\\u0000\\u0000\\u0000\\u0000\\u0000\\u0000\\u0000\\u0000\\u0000\\u0000\\u0000\\u0000\\u0000\\u0000\\u0000\\u0000\\u0000\\u0000\\u0000\\u0000\\u0000\\u0000\\u0000\\u0000\\u0000\\u0000\\u0000\\u0000\\u0000\\u0000\\u0000\\u0000\\u0000\\u0000\\u0000\\u0000\\u0000\\u0000\\u0000\\u0000\\u0000\\u0000\\u0000\\u0000\\u0000\\u0000\\u0000\\u0000\\u0000\\u0000\\u0000\\u0000\\u0000\\u0000\\u0000\\u0000\\u0000\\u0000\\u0000\\u0000\\u0000\\u0000\\u0000\\u0000\\u0000\\u0000\\u0000\\u0000\\u0000\\u0000\\u0000\\u0000\\u0000\\u0000\\u0000\\u0000\\u0000\\u0000\\u0000\\u0000\\u0000\\u0000\\u0000\\u0000\\u0000\\u0000\",\"SubSecTime\":43,\"SubSecTimeOriginal\":43,\"SubSecTimeDigitized\":43,\"FlashPixVersion\":100,\"ColorSpace\":1,\"ExifImageWidth\":2762,\"ExifImageLength\":3744,\"InteroperabilityOffset\":988,\"FocalPlaneXResolution\":3957.7167019027,\"FocalPlaneYResolution\":3961.9047619048,\"FocalPlaneResolutionUnit\":2,\"CustomRendered\":0,\"ExposureMode\":1,\"WhiteBalance\":1,\"SceneCaptureType\":0},\"GPS\":{\"GPSVersion\":\"\\u0002\\u0002\\u0000\\u0000\",\"computed\":{\"version\":\"v2.2.0.0\"}},\"INTEROP\":{\"InterOperabilityIndex\":\"R98\",\"InterOperabilityVersion\":\"0100\"}}}}'),(138,4,NULL,1782619,1,'c91b906c53dd0e066182196a28d2c8f3','image/jpeg','JPEG image data, JFIF standard 1.02, resolution (DPI), density 72x72, segment length 16, Exif Standard: [TIFF image data, little-endian, direntries=11, manufacturer=Canon, model=Canon EOS-1Ds Mark III, orientation=upper-left, xresolution=175, yresolution=','4/eaa1646_001_0000074_00348b.jpg','eaa1646_001_0000074_00348b.jpg','2019-06-07 12:05:56','2019-03-29 09:26:53',1,'{\"mime_type\":\"image\\/jpeg\",\"video\":{\"dataformat\":\"jpg\",\"lossless\":false,\"bits_per_sample\":24,\"pixel_aspect_ratio\":1,\"resolution_x\":2861,\"resolution_y\":3744,\"compression_ratio\":0.055473245911467},\"jpg\":{\"exif\":{\"FILE\":{\"FileName\":\"c2f80a8d0425a6d92a099aea8f313373.jpg\",\"FileDateTime\":1553851578,\"FileSize\":1782619,\"FileType\":2,\"MimeType\":\"image\\/jpeg\",\"SectionsFound\":\"ANY_TAG, IFD0, THUMBNAIL, EXIF, GPS, INTEROP\"},\"COMPUTED\":{\"html\":\"width=\\\"2861\\\" height=\\\"3744\\\"\",\"Height\":3744,\"Width\":2861,\"IsColor\":1,\"ByteOrderMotorola\":0,\"CCDWidth\":\"18mm\",\"ApertureFNumber\":\"f\\/9.0\",\"UserComment\":null,\"UserCommentEncoding\":\"UNDEFINED\",\"Thumbnail.FileType\":2,\"Thumbnail.MimeType\":\"image\\/jpeg\"},\"IFD0\":{\"Make\":\"Canon\",\"Model\":\"Canon EOS-1Ds Mark III\",\"Orientation\":1,\"XResolution\":72,\"YResolution\":72,\"ResolutionUnit\":2,\"Software\":\"Adobe Photoshop Elements 10.0 Windows\",\"DateTime\":\"2019:03:26 13:27:07\",\"YCbCrPositioning\":2,\"Exif_IFD_Pointer\":252,\"GPS_IFD_Pointer\":1020},\"THUMBNAIL\":{\"Compression\":6,\"XResolution\":72,\"YResolution\":72,\"ResolutionUnit\":2,\"JPEGInterchangeFormat\":1134,\"JPEGInterchangeFormatLength\":8936},\"EXIF\":{\"ExposureTime\":0.02,\"FNumber\":9,\"ExposureProgram\":1,\"ISOSpeedRatings\":400,\"ExifVersion\":221,\"DateTimeOriginal\":\"2018:04:04 10:43:00\",\"DateTimeDigitized\":\"2018:04:04 10:43:00\",\"ComponentsConfiguration\":\"\\u0001\\u0002\\u0003\\u0000\",\"ShutterSpeedValue\":5.625,\"ApertureValue\":6.375,\"ExposureBiasValue\":0,\"MeteringMode\":5,\"Flash\":0,\"FocalLength\":50,\"UserComment\":\"\\u0000\\u0000\\u0000\\u0000\\u0000\\u0000\\u0000\\u0000\\u0000\\u0000\\u0000\\u0000\\u0000\\u0000\\u0000\\u0000\\u0000\\u0000\\u0000\\u0000\\u0000\\u0000\\u0000\\u0000\\u0000\\u0000\\u0000\\u0000\\u0000\\u0000\\u0000\\u0000\\u0000\\u0000\\u0000\\u0000\\u0000\\u0000\\u0000\\u0000\\u0000\\u0000\\u0000\\u0000\\u0000\\u0000\\u0000\\u0000\\u0000\\u0000\\u0000\\u0000\\u0000\\u0000\\u0000\\u0000\\u0000\\u0000\\u0000\\u0000\\u0000\\u0000\\u0000\\u0000\\u0000\\u0000\\u0000\\u0000\\u0000\\u0000\\u0000\\u0000\\u0000\\u0000\\u0000\\u0000\\u0000\\u0000\\u0000\\u0000\\u0000\\u0000\\u0000\\u0000\\u0000\\u0000\\u0000\\u0000\\u0000\\u0000\\u0000\\u0000\\u0000\\u0000\\u0000\\u0000\\u0000\\u0000\\u0000\\u0000\\u0000\\u0000\\u0000\\u0000\\u0000\\u0000\\u0000\\u0000\\u0000\\u0000\\u0000\\u0000\\u0000\\u0000\\u0000\\u0000\\u0000\\u0000\\u0000\\u0000\\u0000\\u0000\\u0000\\u0000\\u0000\\u0000\\u0000\\u0000\\u0000\\u0000\\u0000\\u0000\\u0000\\u0000\\u0000\\u0000\\u0000\\u0000\\u0000\\u0000\\u0000\\u0000\\u0000\\u0000\\u0000\\u0000\\u0000\\u0000\\u0000\\u0000\\u0000\\u0000\\u0000\\u0000\\u0000\\u0000\\u0000\\u0000\\u0000\\u0000\\u0000\\u0000\\u0000\\u0000\\u0000\\u0000\\u0000\\u0000\\u0000\\u0000\\u0000\\u0000\\u0000\\u0000\\u0000\\u0000\\u0000\\u0000\\u0000\\u0000\\u0000\\u0000\\u0000\\u0000\\u0000\\u0000\\u0000\\u0000\\u0000\\u0000\\u0000\\u0000\\u0000\\u0000\\u0000\\u0000\\u0000\\u0000\\u0000\\u0000\\u0000\\u0000\\u0000\\u0000\\u0000\\u0000\\u0000\\u0000\\u0000\\u0000\\u0000\\u0000\\u0000\\u0000\\u0000\\u0000\\u0000\\u0000\\u0000\\u0000\\u0000\\u0000\\u0000\\u0000\\u0000\\u0000\\u0000\\u0000\\u0000\\u0000\\u0000\\u0000\\u0000\\u0000\\u0000\\u0000\\u0000\\u0000\\u0000\\u0000\\u0000\\u0000\\u0000\\u0000\\u0000\\u0000\\u0000\\u0000\\u0000\\u0000\\u0000\\u0000\\u0000\\u0000\\u0000\\u0000\\u0000\\u0000\\u0000\\u0000\\u0000\\u0000\\u0000\\u0000\",\"SubSecTime\":43,\"SubSecTimeOriginal\":43,\"SubSecTimeDigitized\":43,\"FlashPixVersion\":100,\"ColorSpace\":1,\"ExifImageWidth\":2861,\"ExifImageLength\":3744,\"InteroperabilityOffset\":988,\"FocalPlaneXResolution\":3957.7167019027,\"FocalPlaneYResolution\":3961.9047619048,\"FocalPlaneResolutionUnit\":2,\"CustomRendered\":0,\"ExposureMode\":1,\"WhiteBalance\":1,\"SceneCaptureType\":0},\"GPS\":{\"GPSVersion\":\"\\u0002\\u0002\\u0000\\u0000\",\"computed\":{\"version\":\"v2.2.0.0\"}},\"INTEROP\":{\"InterOperabilityIndex\":\"R98\",\"InterOperabilityVersion\":\"0100\"}}}}'),(139,4,NULL,1684123,1,'ed527bde8a11c2488b3f5ce63f3b7e8d','image/jpeg','JPEG image data, JFIF standard 1.02, resolution (DPI), density 72x72, segment length 16, Exif Standard: [TIFF image data, little-endian, direntries=11, manufacturer=Canon, model=Canon EOS-1Ds Mark III, orientation=upper-left, xresolution=175, yresolution=','4/eaa1646_001_0000074_00349a.jpg','eaa1646_001_0000074_00349a.jpg','2019-06-07 12:05:56','2019-03-29 09:26:54',1,'{\"mime_type\":\"image\\/jpeg\",\"video\":{\"dataformat\":\"jpg\",\"lossless\":false,\"bits_per_sample\":24,\"pixel_aspect_ratio\":1,\"resolution_x\":2762,\"resolution_y\":3744,\"compression_ratio\":0.054286649450933},\"jpg\":{\"exif\":{\"FILE\":{\"FileName\":\"9926eeab962985012d6cb2a1999dfb70.jpg\",\"FileDateTime\":1553851580,\"FileSize\":1684123,\"FileType\":2,\"MimeType\":\"image\\/jpeg\",\"SectionsFound\":\"ANY_TAG, IFD0, THUMBNAIL, EXIF, GPS, INTEROP\"},\"COMPUTED\":{\"html\":\"width=\\\"2762\\\" height=\\\"3744\\\"\",\"Height\":3744,\"Width\":2762,\"IsColor\":1,\"ByteOrderMotorola\":0,\"CCDWidth\":\"17mm\",\"ApertureFNumber\":\"f\\/9.0\",\"UserComment\":null,\"UserCommentEncoding\":\"UNDEFINED\",\"Thumbnail.FileType\":2,\"Thumbnail.MimeType\":\"image\\/jpeg\"},\"IFD0\":{\"Make\":\"Canon\",\"Model\":\"Canon EOS-1Ds Mark III\",\"Orientation\":1,\"XResolution\":72,\"YResolution\":72,\"ResolutionUnit\":2,\"Software\":\"Adobe Photoshop Elements 10.0 Windows\",\"DateTime\":\"2019:03:26 13:35:56\",\"YCbCrPositioning\":2,\"Exif_IFD_Pointer\":252,\"GPS_IFD_Pointer\":1020},\"THUMBNAIL\":{\"Compression\":6,\"XResolution\":72,\"YResolution\":72,\"ResolutionUnit\":2,\"JPEGInterchangeFormat\":1134,\"JPEGInterchangeFormatLength\":8818},\"EXIF\":{\"ExposureTime\":0.02,\"FNumber\":9,\"ExposureProgram\":1,\"ISOSpeedRatings\":400,\"ExifVersion\":221,\"DateTimeOriginal\":\"2018:04:04 10:43:13\",\"DateTimeDigitized\":\"2018:04:04 10:43:13\",\"ComponentsConfiguration\":\"\\u0001\\u0002\\u0003\\u0000\",\"ShutterSpeedValue\":5.625,\"ApertureValue\":6.375,\"ExposureBiasValue\":0,\"MeteringMode\":5,\"Flash\":0,\"FocalLength\":50,\"UserComment\":\"\\u0000\\u0000\\u0000\\u0000\\u0000\\u0000\\u0000\\u0000\\u0000\\u0000\\u0000\\u0000\\u0000\\u0000\\u0000\\u0000\\u0000\\u0000\\u0000\\u0000\\u0000\\u0000\\u0000\\u0000\\u0000\\u0000\\u0000\\u0000\\u0000\\u0000\\u0000\\u0000\\u0000\\u0000\\u0000\\u0000\\u0000\\u0000\\u0000\\u0000\\u0000\\u0000\\u0000\\u0000\\u0000\\u0000\\u0000\\u0000\\u0000\\u0000\\u0000\\u0000\\u0000\\u0000\\u0000\\u0000\\u0000\\u0000\\u0000\\u0000\\u0000\\u0000\\u0000\\u0000\\u0000\\u0000\\u0000\\u0000\\u0000\\u0000\\u0000\\u0000\\u0000\\u0000\\u0000\\u0000\\u0000\\u0000\\u0000\\u0000\\u0000\\u0000\\u0000\\u0000\\u0000\\u0000\\u0000\\u0000\\u0000\\u0000\\u0000\\u0000\\u0000\\u0000\\u0000\\u0000\\u0000\\u0000\\u0000\\u0000\\u0000\\u0000\\u0000\\u0000\\u0000\\u0000\\u0000\\u0000\\u0000\\u0000\\u0000\\u0000\\u0000\\u0000\\u0000\\u0000\\u0000\\u0000\\u0000\\u0000\\u0000\\u0000\\u0000\\u0000\\u0000\\u0000\\u0000\\u0000\\u0000\\u0000\\u0000\\u0000\\u0000\\u0000\\u0000\\u0000\\u0000\\u0000\\u0000\\u0000\\u0000\\u0000\\u0000\\u0000\\u0000\\u0000\\u0000\\u0000\\u0000\\u0000\\u0000\\u0000\\u0000\\u0000\\u0000\\u0000\\u0000\\u0000\\u0000\\u0000\\u0000\\u0000\\u0000\\u0000\\u0000\\u0000\\u0000\\u0000\\u0000\\u0000\\u0000\\u0000\\u0000\\u0000\\u0000\\u0000\\u0000\\u0000\\u0000\\u0000\\u0000\\u0000\\u0000\\u0000\\u0000\\u0000\\u0000\\u0000\\u0000\\u0000\\u0000\\u0000\\u0000\\u0000\\u0000\\u0000\\u0000\\u0000\\u0000\\u0000\\u0000\\u0000\\u0000\\u0000\\u0000\\u0000\\u0000\\u0000\\u0000\\u0000\\u0000\\u0000\\u0000\\u0000\\u0000\\u0000\\u0000\\u0000\\u0000\\u0000\\u0000\\u0000\\u0000\\u0000\\u0000\\u0000\\u0000\\u0000\\u0000\\u0000\\u0000\\u0000\\u0000\\u0000\\u0000\\u0000\\u0000\\u0000\\u0000\\u0000\\u0000\\u0000\\u0000\\u0000\\u0000\\u0000\\u0000\\u0000\\u0000\\u0000\\u0000\\u0000\\u0000\\u0000\\u0000\\u0000\\u0000\\u0000\\u0000\\u0000\\u0000\\u0000\\u0000\\u0000\",\"SubSecTime\":99,\"SubSecTimeOriginal\":99,\"SubSecTimeDigitized\":99,\"FlashPixVersion\":100,\"ColorSpace\":1,\"ExifImageWidth\":2762,\"ExifImageLength\":3744,\"InteroperabilityOffset\":988,\"FocalPlaneXResolution\":3957.7167019027,\"FocalPlaneYResolution\":3961.9047619048,\"FocalPlaneResolutionUnit\":2,\"CustomRendered\":0,\"ExposureMode\":1,\"WhiteBalance\":1,\"SceneCaptureType\":0},\"GPS\":{\"GPSVersion\":\"\\u0002\\u0002\\u0000\\u0000\",\"computed\":{\"version\":\"v2.2.0.0\"}},\"INTEROP\":{\"InterOperabilityIndex\":\"R98\",\"InterOperabilityVersion\":\"0100\"}}}}'),(140,4,NULL,1775310,1,'3efe56cd5d3beb926710ea0b9fa767e8','image/jpeg','JPEG image data, JFIF standard 1.02, resolution (DPI), density 72x72, segment length 16, Exif Standard: [TIFF image data, little-endian, direntries=11, manufacturer=Canon, model=Canon EOS-1Ds Mark III, orientation=upper-left, xresolution=175, yresolution=','4/eaa1646_001_0000074_00349b.jpg','eaa1646_001_0000074_00349b.jpg','2019-06-07 12:05:56','2019-03-29 09:26:55',1,'{\"mime_type\":\"image\\/jpeg\",\"video\":{\"dataformat\":\"jpg\",\"lossless\":false,\"bits_per_sample\":24,\"pixel_aspect_ratio\":1,\"resolution_x\":2868,\"resolution_y\":3744,\"compression_ratio\":0.055110957634493},\"jpg\":{\"exif\":{\"FILE\":{\"FileName\":\"f14278e39799a8c7b719688f281e7bd2.jpg\",\"FileDateTime\":1553851584,\"FileSize\":1775310,\"FileType\":2,\"MimeType\":\"image\\/jpeg\",\"SectionsFound\":\"ANY_TAG, IFD0, THUMBNAIL, EXIF, GPS, INTEROP\"},\"COMPUTED\":{\"html\":\"width=\\\"2868\\\" height=\\\"3744\\\"\",\"Height\":3744,\"Width\":2868,\"IsColor\":1,\"ByteOrderMotorola\":0,\"CCDWidth\":\"18mm\",\"ApertureFNumber\":\"f\\/9.0\",\"UserComment\":null,\"UserCommentEncoding\":\"UNDEFINED\",\"Thumbnail.FileType\":2,\"Thumbnail.MimeType\":\"image\\/jpeg\"},\"IFD0\":{\"Make\":\"Canon\",\"Model\":\"Canon EOS-1Ds Mark III\",\"Orientation\":1,\"XResolution\":72,\"YResolution\":72,\"ResolutionUnit\":2,\"Software\":\"Adobe Photoshop Elements 10.0 Windows\",\"DateTime\":\"2019:03:26 13:36:09\",\"YCbCrPositioning\":2,\"Exif_IFD_Pointer\":252,\"GPS_IFD_Pointer\":1020},\"THUMBNAIL\":{\"Compression\":6,\"XResolution\":72,\"YResolution\":72,\"ResolutionUnit\":2,\"JPEGInterchangeFormat\":1134,\"JPEGInterchangeFormatLength\":8929},\"EXIF\":{\"ExposureTime\":0.02,\"FNumber\":9,\"ExposureProgram\":1,\"ISOSpeedRatings\":400,\"ExifVersion\":221,\"DateTimeOriginal\":\"2018:04:04 10:43:13\",\"DateTimeDigitized\":\"2018:04:04 10:43:13\",\"ComponentsConfiguration\":\"\\u0001\\u0002\\u0003\\u0000\",\"ShutterSpeedValue\":5.625,\"ApertureValue\":6.375,\"ExposureBiasValue\":0,\"MeteringMode\":5,\"Flash\":0,\"FocalLength\":50,\"UserComment\":\"\\u0000\\u0000\\u0000\\u0000\\u0000\\u0000\\u0000\\u0000\\u0000\\u0000\\u0000\\u0000\\u0000\\u0000\\u0000\\u0000\\u0000\\u0000\\u0000\\u0000\\u0000\\u0000\\u0000\\u0000\\u0000\\u0000\\u0000\\u0000\\u0000\\u0000\\u0000\\u0000\\u0000\\u0000\\u0000\\u0000\\u0000\\u0000\\u0000\\u0000\\u0000\\u0000\\u0000\\u0000\\u0000\\u0000\\u0000\\u0000\\u0000\\u0000\\u0000\\u0000\\u0000\\u0000\\u0000\\u0000\\u0000\\u0000\\u0000\\u0000\\u0000\\u0000\\u0000\\u0000\\u0000\\u0000\\u0000\\u0000\\u0000\\u0000\\u0000\\u0000\\u0000\\u0000\\u0000\\u0000\\u0000\\u0000\\u0000\\u0000\\u0000\\u0000\\u0000\\u0000\\u0000\\u0000\\u0000\\u0000\\u0000\\u0000\\u0000\\u0000\\u0000\\u0000\\u0000\\u0000\\u0000\\u0000\\u0000\\u0000\\u0000\\u0000\\u0000\\u0000\\u0000\\u0000\\u0000\\u0000\\u0000\\u0000\\u0000\\u0000\\u0000\\u0000\\u0000\\u0000\\u0000\\u0000\\u0000\\u0000\\u0000\\u0000\\u0000\\u0000\\u0000\\u0000\\u0000\\u0000\\u0000\\u0000\\u0000\\u0000\\u0000\\u0000\\u0000\\u0000\\u0000\\u0000\\u0000\\u0000\\u0000\\u0000\\u0000\\u0000\\u0000\\u0000\\u0000\\u0000\\u0000\\u0000\\u0000\\u0000\\u0000\\u0000\\u0000\\u0000\\u0000\\u0000\\u0000\\u0000\\u0000\\u0000\\u0000\\u0000\\u0000\\u0000\\u0000\\u0000\\u0000\\u0000\\u0000\\u0000\\u0000\\u0000\\u0000\\u0000\\u0000\\u0000\\u0000\\u0000\\u0000\\u0000\\u0000\\u0000\\u0000\\u0000\\u0000\\u0000\\u0000\\u0000\\u0000\\u0000\\u0000\\u0000\\u0000\\u0000\\u0000\\u0000\\u0000\\u0000\\u0000\\u0000\\u0000\\u0000\\u0000\\u0000\\u0000\\u0000\\u0000\\u0000\\u0000\\u0000\\u0000\\u0000\\u0000\\u0000\\u0000\\u0000\\u0000\\u0000\\u0000\\u0000\\u0000\\u0000\\u0000\\u0000\\u0000\\u0000\\u0000\\u0000\\u0000\\u0000\\u0000\\u0000\\u0000\\u0000\\u0000\\u0000\\u0000\\u0000\\u0000\\u0000\\u0000\\u0000\\u0000\\u0000\\u0000\\u0000\\u0000\\u0000\\u0000\\u0000\\u0000\\u0000\\u0000\\u0000\\u0000\\u0000\\u0000\\u0000\\u0000\\u0000\\u0000\\u0000\",\"SubSecTime\":99,\"SubSecTimeOriginal\":99,\"SubSecTimeDigitized\":99,\"FlashPixVersion\":100,\"ColorSpace\":1,\"ExifImageWidth\":2868,\"ExifImageLength\":3744,\"InteroperabilityOffset\":988,\"FocalPlaneXResolution\":3957.7167019027,\"FocalPlaneYResolution\":3961.9047619048,\"FocalPlaneResolutionUnit\":2,\"CustomRendered\":0,\"ExposureMode\":1,\"WhiteBalance\":1,\"SceneCaptureType\":0},\"GPS\":{\"GPSVersion\":\"\\u0002\\u0002\\u0000\\u0000\",\"computed\":{\"version\":\"v2.2.0.0\"}},\"INTEROP\":{\"InterOperabilityIndex\":\"R98\",\"InterOperabilityVersion\":\"0100\"}}}}'),(141,4,NULL,1718086,1,'840241e30e9f6a63917ef229cc3d49dd','image/jpeg','JPEG image data, JFIF standard 1.02, resolution (DPI), density 72x72, segment length 16, Exif Standard: [TIFF image data, little-endian, direntries=11, manufacturer=Canon, model=Canon EOS-1Ds Mark III, orientation=upper-left, xresolution=175, yresolution=','4/eaa1646_001_0000074_00350a.jpg','eaa1646_001_0000074_00350a.jpg','2019-06-07 12:05:56','2019-03-29 09:26:56',1,'{\"mime_type\":\"image\\/jpeg\",\"video\":{\"dataformat\":\"jpg\",\"lossless\":false,\"bits_per_sample\":24,\"pixel_aspect_ratio\":1,\"resolution_x\":2743,\"resolution_y\":3744,\"compression_ratio\":0.055765037240611},\"jpg\":{\"exif\":{\"FILE\":{\"FileName\":\"951dfa6c7aa1d76ee4fb8d8dbdac68ae.jpg\",\"FileDateTime\":1553851587,\"FileSize\":1718086,\"FileType\":2,\"MimeType\":\"image\\/jpeg\",\"SectionsFound\":\"ANY_TAG, IFD0, THUMBNAIL, EXIF, GPS, INTEROP\"},\"COMPUTED\":{\"html\":\"width=\\\"2743\\\" height=\\\"3744\\\"\",\"Height\":3744,\"Width\":2743,\"IsColor\":1,\"ByteOrderMotorola\":0,\"CCDWidth\":\"17mm\",\"ApertureFNumber\":\"f\\/9.0\",\"UserComment\":null,\"UserCommentEncoding\":\"UNDEFINED\",\"Thumbnail.FileType\":2,\"Thumbnail.MimeType\":\"image\\/jpeg\"},\"IFD0\":{\"Make\":\"Canon\",\"Model\":\"Canon EOS-1Ds Mark III\",\"Orientation\":1,\"XResolution\":72,\"YResolution\":72,\"ResolutionUnit\":2,\"Software\":\"Adobe Photoshop Elements 10.0 Windows\",\"DateTime\":\"2019:03:26 13:36:37\",\"YCbCrPositioning\":2,\"Exif_IFD_Pointer\":252,\"GPS_IFD_Pointer\":1020},\"THUMBNAIL\":{\"Compression\":6,\"XResolution\":72,\"YResolution\":72,\"ResolutionUnit\":2,\"JPEGInterchangeFormat\":1134,\"JPEGInterchangeFormatLength\":9036},\"EXIF\":{\"ExposureTime\":0.02,\"FNumber\":9,\"ExposureProgram\":1,\"ISOSpeedRatings\":400,\"ExifVersion\":221,\"DateTimeOriginal\":\"2018:04:04 10:43:21\",\"DateTimeDigitized\":\"2018:04:04 10:43:21\",\"ComponentsConfiguration\":\"\\u0001\\u0002\\u0003\\u0000\",\"ShutterSpeedValue\":5.625,\"ApertureValue\":6.375,\"ExposureBiasValue\":0,\"MeteringMode\":5,\"Flash\":0,\"FocalLength\":50,\"UserComment\":\"\\u0000\\u0000\\u0000\\u0000\\u0000\\u0000\\u0000\\u0000\\u0000\\u0000\\u0000\\u0000\\u0000\\u0000\\u0000\\u0000\\u0000\\u0000\\u0000\\u0000\\u0000\\u0000\\u0000\\u0000\\u0000\\u0000\\u0000\\u0000\\u0000\\u0000\\u0000\\u0000\\u0000\\u0000\\u0000\\u0000\\u0000\\u0000\\u0000\\u0000\\u0000\\u0000\\u0000\\u0000\\u0000\\u0000\\u0000\\u0000\\u0000\\u0000\\u0000\\u0000\\u0000\\u0000\\u0000\\u0000\\u0000\\u0000\\u0000\\u0000\\u0000\\u0000\\u0000\\u0000\\u0000\\u0000\\u0000\\u0000\\u0000\\u0000\\u0000\\u0000\\u0000\\u0000\\u0000\\u0000\\u0000\\u0000\\u0000\\u0000\\u0000\\u0000\\u0000\\u0000\\u0000\\u0000\\u0000\\u0000\\u0000\\u0000\\u0000\\u0000\\u0000\\u0000\\u0000\\u0000\\u0000\\u0000\\u0000\\u0000\\u0000\\u0000\\u0000\\u0000\\u0000\\u0000\\u0000\\u0000\\u0000\\u0000\\u0000\\u0000\\u0000\\u0000\\u0000\\u0000\\u0000\\u0000\\u0000\\u0000\\u0000\\u0000\\u0000\\u0000\\u0000\\u0000\\u0000\\u0000\\u0000\\u0000\\u0000\\u0000\\u0000\\u0000\\u0000\\u0000\\u0000\\u0000\\u0000\\u0000\\u0000\\u0000\\u0000\\u0000\\u0000\\u0000\\u0000\\u0000\\u0000\\u0000\\u0000\\u0000\\u0000\\u0000\\u0000\\u0000\\u0000\\u0000\\u0000\\u0000\\u0000\\u0000\\u0000\\u0000\\u0000\\u0000\\u0000\\u0000\\u0000\\u0000\\u0000\\u0000\\u0000\\u0000\\u0000\\u0000\\u0000\\u0000\\u0000\\u0000\\u0000\\u0000\\u0000\\u0000\\u0000\\u0000\\u0000\\u0000\\u0000\\u0000\\u0000\\u0000\\u0000\\u0000\\u0000\\u0000\\u0000\\u0000\\u0000\\u0000\\u0000\\u0000\\u0000\\u0000\\u0000\\u0000\\u0000\\u0000\\u0000\\u0000\\u0000\\u0000\\u0000\\u0000\\u0000\\u0000\\u0000\\u0000\\u0000\\u0000\\u0000\\u0000\\u0000\\u0000\\u0000\\u0000\\u0000\\u0000\\u0000\\u0000\\u0000\\u0000\\u0000\\u0000\\u0000\\u0000\\u0000\\u0000\\u0000\\u0000\\u0000\\u0000\\u0000\\u0000\\u0000\\u0000\\u0000\\u0000\\u0000\\u0000\\u0000\\u0000\\u0000\\u0000\\u0000\\u0000\\u0000\\u0000\\u0000\\u0000\\u0000\\u0000\\u0000\\u0000\",\"SubSecTime\":95,\"SubSecTimeOriginal\":95,\"SubSecTimeDigitized\":95,\"FlashPixVersion\":100,\"ColorSpace\":1,\"ExifImageWidth\":2743,\"ExifImageLength\":3744,\"InteroperabilityOffset\":988,\"FocalPlaneXResolution\":3957.7167019027,\"FocalPlaneYResolution\":3961.9047619048,\"FocalPlaneResolutionUnit\":2,\"CustomRendered\":0,\"ExposureMode\":1,\"WhiteBalance\":1,\"SceneCaptureType\":0},\"GPS\":{\"GPSVersion\":\"\\u0002\\u0002\\u0000\\u0000\",\"computed\":{\"version\":\"v2.2.0.0\"}},\"INTEROP\":{\"InterOperabilityIndex\":\"R98\",\"InterOperabilityVersion\":\"0100\"}}}}'),(142,4,NULL,1787935,1,'e42cf6346b048275ff069977a328283f','image/jpeg','JPEG image data, JFIF standard 1.02, resolution (DPI), density 72x72, segment length 16, Exif Standard: [TIFF image data, little-endian, direntries=11, manufacturer=Canon, model=Canon EOS-1Ds Mark III, orientation=upper-left, xresolution=175, yresolution=','4/eaa1646_001_0000074_00350b.jpg','eaa1646_001_0000074_00350b.jpg','2019-06-07 12:05:56','2019-03-29 09:26:56',1,'{\"mime_type\":\"image\\/jpeg\",\"video\":{\"dataformat\":\"jpg\",\"lossless\":false,\"bits_per_sample\":24,\"pixel_aspect_ratio\":1,\"resolution_x\":2868,\"resolution_y\":3744,\"compression_ratio\":0.055502875575661},\"jpg\":{\"exif\":{\"FILE\":{\"FileName\":\"2a53bd1f9932a5e919afa63499492239.jpg\",\"FileDateTime\":1553851590,\"FileSize\":1787935,\"FileType\":2,\"MimeType\":\"image\\/jpeg\",\"SectionsFound\":\"ANY_TAG, IFD0, THUMBNAIL, EXIF, GPS, INTEROP\"},\"COMPUTED\":{\"html\":\"width=\\\"2868\\\" height=\\\"3744\\\"\",\"Height\":3744,\"Width\":2868,\"IsColor\":1,\"ByteOrderMotorola\":0,\"CCDWidth\":\"18mm\",\"ApertureFNumber\":\"f\\/9.0\",\"UserComment\":null,\"UserCommentEncoding\":\"UNDEFINED\",\"Thumbnail.FileType\":2,\"Thumbnail.MimeType\":\"image\\/jpeg\"},\"IFD0\":{\"Make\":\"Canon\",\"Model\":\"Canon EOS-1Ds Mark III\",\"Orientation\":1,\"XResolution\":72,\"YResolution\":72,\"ResolutionUnit\":2,\"Software\":\"Adobe Photoshop Elements 10.0 Windows\",\"DateTime\":\"2019:03:26 13:36:54\",\"YCbCrPositioning\":2,\"Exif_IFD_Pointer\":252,\"GPS_IFD_Pointer\":1020},\"THUMBNAIL\":{\"Compression\":6,\"XResolution\":72,\"YResolution\":72,\"ResolutionUnit\":2,\"JPEGInterchangeFormat\":1134,\"JPEGInterchangeFormatLength\":9063},\"EXIF\":{\"ExposureTime\":0.02,\"FNumber\":9,\"ExposureProgram\":1,\"ISOSpeedRatings\":400,\"ExifVersion\":221,\"DateTimeOriginal\":\"2018:04:04 10:43:21\",\"DateTimeDigitized\":\"2018:04:04 10:43:21\",\"ComponentsConfiguration\":\"\\u0001\\u0002\\u0003\\u0000\",\"ShutterSpeedValue\":5.625,\"ApertureValue\":6.375,\"ExposureBiasValue\":0,\"MeteringMode\":5,\"Flash\":0,\"FocalLength\":50,\"UserComment\":\"\\u0000\\u0000\\u0000\\u0000\\u0000\\u0000\\u0000\\u0000\\u0000\\u0000\\u0000\\u0000\\u0000\\u0000\\u0000\\u0000\\u0000\\u0000\\u0000\\u0000\\u0000\\u0000\\u0000\\u0000\\u0000\\u0000\\u0000\\u0000\\u0000\\u0000\\u0000\\u0000\\u0000\\u0000\\u0000\\u0000\\u0000\\u0000\\u0000\\u0000\\u0000\\u0000\\u0000\\u0000\\u0000\\u0000\\u0000\\u0000\\u0000\\u0000\\u0000\\u0000\\u0000\\u0000\\u0000\\u0000\\u0000\\u0000\\u0000\\u0000\\u0000\\u0000\\u0000\\u0000\\u0000\\u0000\\u0000\\u0000\\u0000\\u0000\\u0000\\u0000\\u0000\\u0000\\u0000\\u0000\\u0000\\u0000\\u0000\\u0000\\u0000\\u0000\\u0000\\u0000\\u0000\\u0000\\u0000\\u0000\\u0000\\u0000\\u0000\\u0000\\u0000\\u0000\\u0000\\u0000\\u0000\\u0000\\u0000\\u0000\\u0000\\u0000\\u0000\\u0000\\u0000\\u0000\\u0000\\u0000\\u0000\\u0000\\u0000\\u0000\\u0000\\u0000\\u0000\\u0000\\u0000\\u0000\\u0000\\u0000\\u0000\\u0000\\u0000\\u0000\\u0000\\u0000\\u0000\\u0000\\u0000\\u0000\\u0000\\u0000\\u0000\\u0000\\u0000\\u0000\\u0000\\u0000\\u0000\\u0000\\u0000\\u0000\\u0000\\u0000\\u0000\\u0000\\u0000\\u0000\\u0000\\u0000\\u0000\\u0000\\u0000\\u0000\\u0000\\u0000\\u0000\\u0000\\u0000\\u0000\\u0000\\u0000\\u0000\\u0000\\u0000\\u0000\\u0000\\u0000\\u0000\\u0000\\u0000\\u0000\\u0000\\u0000\\u0000\\u0000\\u0000\\u0000\\u0000\\u0000\\u0000\\u0000\\u0000\\u0000\\u0000\\u0000\\u0000\\u0000\\u0000\\u0000\\u0000\\u0000\\u0000\\u0000\\u0000\\u0000\\u0000\\u0000\\u0000\\u0000\\u0000\\u0000\\u0000\\u0000\\u0000\\u0000\\u0000\\u0000\\u0000\\u0000\\u0000\\u0000\\u0000\\u0000\\u0000\\u0000\\u0000\\u0000\\u0000\\u0000\\u0000\\u0000\\u0000\\u0000\\u0000\\u0000\\u0000\\u0000\\u0000\\u0000\\u0000\\u0000\\u0000\\u0000\\u0000\\u0000\\u0000\\u0000\\u0000\\u0000\\u0000\\u0000\\u0000\\u0000\\u0000\\u0000\\u0000\\u0000\\u0000\\u0000\\u0000\\u0000\\u0000\\u0000\\u0000\\u0000\\u0000\\u0000\\u0000\\u0000\\u0000\\u0000\\u0000\\u0000\",\"SubSecTime\":95,\"SubSecTimeOriginal\":95,\"SubSecTimeDigitized\":95,\"FlashPixVersion\":100,\"ColorSpace\":1,\"ExifImageWidth\":2868,\"ExifImageLength\":3744,\"InteroperabilityOffset\":988,\"FocalPlaneXResolution\":3957.7167019027,\"FocalPlaneYResolution\":3961.9047619048,\"FocalPlaneResolutionUnit\":2,\"CustomRendered\":0,\"ExposureMode\":1,\"WhiteBalance\":1,\"SceneCaptureType\":0},\"GPS\":{\"GPSVersion\":\"\\u0002\\u0002\\u0000\\u0000\",\"computed\":{\"version\":\"v2.2.0.0\"}},\"INTEROP\":{\"InterOperabilityIndex\":\"R98\",\"InterOperabilityVersion\":\"0100\"}}}}'),(143,4,NULL,1699000,1,'434c14d70c766c6bae48c3d0d4d3d4fd','image/jpeg','JPEG image data, JFIF standard 1.02, resolution (DPI), density 72x72, segment length 16, Exif Standard: [TIFF image data, little-endian, direntries=11, manufacturer=Canon, model=Canon EOS-1Ds Mark III, orientation=upper-left, xresolution=175, yresolution=','4/eaa1646_001_0000074_00351a.jpg','eaa1646_001_0000074_00351a.jpg','2019-06-07 12:05:56','2019-03-29 09:26:57',1,'{\"mime_type\":\"image\\/jpeg\",\"video\":{\"dataformat\":\"jpg\",\"lossless\":false,\"bits_per_sample\":24,\"pixel_aspect_ratio\":1,\"resolution_x\":2762,\"resolution_y\":3744,\"compression_ratio\":0.054766200222391},\"jpg\":{\"exif\":{\"FILE\":{\"FileName\":\"af8ca729cd170f6c2b2cbf6b68adfc94.jpg\",\"FileDateTime\":1553851593,\"FileSize\":1699000,\"FileType\":2,\"MimeType\":\"image\\/jpeg\",\"SectionsFound\":\"ANY_TAG, IFD0, THUMBNAIL, EXIF, GPS, INTEROP\"},\"COMPUTED\":{\"html\":\"width=\\\"2762\\\" height=\\\"3744\\\"\",\"Height\":3744,\"Width\":2762,\"IsColor\":1,\"ByteOrderMotorola\":0,\"CCDWidth\":\"17mm\",\"ApertureFNumber\":\"f\\/9.0\",\"UserComment\":null,\"UserCommentEncoding\":\"UNDEFINED\",\"Thumbnail.FileType\":2,\"Thumbnail.MimeType\":\"image\\/jpeg\"},\"IFD0\":{\"Make\":\"Canon\",\"Model\":\"Canon EOS-1Ds Mark III\",\"Orientation\":1,\"XResolution\":72,\"YResolution\":72,\"ResolutionUnit\":2,\"Software\":\"Adobe Photoshop Elements 10.0 Windows\",\"DateTime\":\"2019:03:26 13:37:31\",\"YCbCrPositioning\":2,\"Exif_IFD_Pointer\":252,\"GPS_IFD_Pointer\":1020},\"THUMBNAIL\":{\"Compression\":6,\"XResolution\":72,\"YResolution\":72,\"ResolutionUnit\":2,\"JPEGInterchangeFormat\":1134,\"JPEGInterchangeFormatLength\":8946},\"EXIF\":{\"ExposureTime\":0.02,\"FNumber\":9,\"ExposureProgram\":1,\"ISOSpeedRatings\":400,\"ExifVersion\":221,\"DateTimeOriginal\":\"2018:04:04 10:43:30\",\"DateTimeDigitized\":\"2018:04:04 10:43:30\",\"ComponentsConfiguration\":\"\\u0001\\u0002\\u0003\\u0000\",\"ShutterSpeedValue\":5.625,\"ApertureValue\":6.375,\"ExposureBiasValue\":0,\"MeteringMode\":5,\"Flash\":0,\"FocalLength\":50,\"UserComment\":\"\\u0000\\u0000\\u0000\\u0000\\u0000\\u0000\\u0000\\u0000\\u0000\\u0000\\u0000\\u0000\\u0000\\u0000\\u0000\\u0000\\u0000\\u0000\\u0000\\u0000\\u0000\\u0000\\u0000\\u0000\\u0000\\u0000\\u0000\\u0000\\u0000\\u0000\\u0000\\u0000\\u0000\\u0000\\u0000\\u0000\\u0000\\u0000\\u0000\\u0000\\u0000\\u0000\\u0000\\u0000\\u0000\\u0000\\u0000\\u0000\\u0000\\u0000\\u0000\\u0000\\u0000\\u0000\\u0000\\u0000\\u0000\\u0000\\u0000\\u0000\\u0000\\u0000\\u0000\\u0000\\u0000\\u0000\\u0000\\u0000\\u0000\\u0000\\u0000\\u0000\\u0000\\u0000\\u0000\\u0000\\u0000\\u0000\\u0000\\u0000\\u0000\\u0000\\u0000\\u0000\\u0000\\u0000\\u0000\\u0000\\u0000\\u0000\\u0000\\u0000\\u0000\\u0000\\u0000\\u0000\\u0000\\u0000\\u0000\\u0000\\u0000\\u0000\\u0000\\u0000\\u0000\\u0000\\u0000\\u0000\\u0000\\u0000\\u0000\\u0000\\u0000\\u0000\\u0000\\u0000\\u0000\\u0000\\u0000\\u0000\\u0000\\u0000\\u0000\\u0000\\u0000\\u0000\\u0000\\u0000\\u0000\\u0000\\u0000\\u0000\\u0000\\u0000\\u0000\\u0000\\u0000\\u0000\\u0000\\u0000\\u0000\\u0000\\u0000\\u0000\\u0000\\u0000\\u0000\\u0000\\u0000\\u0000\\u0000\\u0000\\u0000\\u0000\\u0000\\u0000\\u0000\\u0000\\u0000\\u0000\\u0000\\u0000\\u0000\\u0000\\u0000\\u0000\\u0000\\u0000\\u0000\\u0000\\u0000\\u0000\\u0000\\u0000\\u0000\\u0000\\u0000\\u0000\\u0000\\u0000\\u0000\\u0000\\u0000\\u0000\\u0000\\u0000\\u0000\\u0000\\u0000\\u0000\\u0000\\u0000\\u0000\\u0000\\u0000\\u0000\\u0000\\u0000\\u0000\\u0000\\u0000\\u0000\\u0000\\u0000\\u0000\\u0000\\u0000\\u0000\\u0000\\u0000\\u0000\\u0000\\u0000\\u0000\\u0000\\u0000\\u0000\\u0000\\u0000\\u0000\\u0000\\u0000\\u0000\\u0000\\u0000\\u0000\\u0000\\u0000\\u0000\\u0000\\u0000\\u0000\\u0000\\u0000\\u0000\\u0000\\u0000\\u0000\\u0000\\u0000\\u0000\\u0000\\u0000\\u0000\\u0000\\u0000\\u0000\\u0000\\u0000\\u0000\\u0000\\u0000\\u0000\\u0000\\u0000\\u0000\\u0000\\u0000\\u0000\\u0000\\u0000\\u0000\\u0000\\u0000\",\"SubSecTime\":11,\"SubSecTimeOriginal\":11,\"SubSecTimeDigitized\":11,\"FlashPixVersion\":100,\"ColorSpace\":1,\"ExifImageWidth\":2762,\"ExifImageLength\":3744,\"InteroperabilityOffset\":988,\"FocalPlaneXResolution\":3957.7167019027,\"FocalPlaneYResolution\":3961.9047619048,\"FocalPlaneResolutionUnit\":2,\"CustomRendered\":0,\"ExposureMode\":1,\"WhiteBalance\":1,\"SceneCaptureType\":0},\"GPS\":{\"GPSVersion\":\"\\u0002\\u0002\\u0000\\u0000\",\"computed\":{\"version\":\"v2.2.0.0\"}},\"INTEROP\":{\"InterOperabilityIndex\":\"R98\",\"InterOperabilityVersion\":\"0100\"}}}}'),(144,4,NULL,1785526,1,'01061a4a11f337d7430c61e4fd3dbf00','image/jpeg','JPEG image data, JFIF standard 1.02, resolution (DPI), density 72x72, segment length 16, Exif Standard: [TIFF image data, little-endian, direntries=11, manufacturer=Canon, model=Canon EOS-1Ds Mark III, orientation=upper-left, xresolution=175, yresolution=','4/eaa1646_001_0000074_00351b.jpg','eaa1646_001_0000074_00351b.jpg','2019-06-07 12:05:56','2019-03-29 09:26:58',1,'{\"mime_type\":\"image\\/jpeg\",\"video\":{\"dataformat\":\"jpg\",\"lossless\":false,\"bits_per_sample\":24,\"pixel_aspect_ratio\":1,\"resolution_x\":2868,\"resolution_y\":3744,\"compression_ratio\":0.055428092976036},\"jpg\":{\"exif\":{\"FILE\":{\"FileName\":\"cdb1861104a88d851622241acb9db184.jpg\",\"FileDateTime\":1553851596,\"FileSize\":1785526,\"FileType\":2,\"MimeType\":\"image\\/jpeg\",\"SectionsFound\":\"ANY_TAG, IFD0, THUMBNAIL, EXIF, GPS, INTEROP\"},\"COMPUTED\":{\"html\":\"width=\\\"2868\\\" height=\\\"3744\\\"\",\"Height\":3744,\"Width\":2868,\"IsColor\":1,\"ByteOrderMotorola\":0,\"CCDWidth\":\"18mm\",\"ApertureFNumber\":\"f\\/9.0\",\"UserComment\":null,\"UserCommentEncoding\":\"UNDEFINED\",\"Thumbnail.FileType\":2,\"Thumbnail.MimeType\":\"image\\/jpeg\"},\"IFD0\":{\"Make\":\"Canon\",\"Model\":\"Canon EOS-1Ds Mark III\",\"Orientation\":1,\"XResolution\":72,\"YResolution\":72,\"ResolutionUnit\":2,\"Software\":\"Adobe Photoshop Elements 10.0 Windows\",\"DateTime\":\"2019:03:26 13:37:47\",\"YCbCrPositioning\":2,\"Exif_IFD_Pointer\":252,\"GPS_IFD_Pointer\":1020},\"THUMBNAIL\":{\"Compression\":6,\"XResolution\":72,\"YResolution\":72,\"ResolutionUnit\":2,\"JPEGInterchangeFormat\":1134,\"JPEGInterchangeFormatLength\":9113},\"EXIF\":{\"ExposureTime\":0.02,\"FNumber\":9,\"ExposureProgram\":1,\"ISOSpeedRatings\":400,\"ExifVersion\":221,\"DateTimeOriginal\":\"2018:04:04 10:43:30\",\"DateTimeDigitized\":\"2018:04:04 10:43:30\",\"ComponentsConfiguration\":\"\\u0001\\u0002\\u0003\\u0000\",\"ShutterSpeedValue\":5.625,\"ApertureValue\":6.375,\"ExposureBiasValue\":0,\"MeteringMode\":5,\"Flash\":0,\"FocalLength\":50,\"UserComment\":\"\\u0000\\u0000\\u0000\\u0000\\u0000\\u0000\\u0000\\u0000\\u0000\\u0000\\u0000\\u0000\\u0000\\u0000\\u0000\\u0000\\u0000\\u0000\\u0000\\u0000\\u0000\\u0000\\u0000\\u0000\\u0000\\u0000\\u0000\\u0000\\u0000\\u0000\\u0000\\u0000\\u0000\\u0000\\u0000\\u0000\\u0000\\u0000\\u0000\\u0000\\u0000\\u0000\\u0000\\u0000\\u0000\\u0000\\u0000\\u0000\\u0000\\u0000\\u0000\\u0000\\u0000\\u0000\\u0000\\u0000\\u0000\\u0000\\u0000\\u0000\\u0000\\u0000\\u0000\\u0000\\u0000\\u0000\\u0000\\u0000\\u0000\\u0000\\u0000\\u0000\\u0000\\u0000\\u0000\\u0000\\u0000\\u0000\\u0000\\u0000\\u0000\\u0000\\u0000\\u0000\\u0000\\u0000\\u0000\\u0000\\u0000\\u0000\\u0000\\u0000\\u0000\\u0000\\u0000\\u0000\\u0000\\u0000\\u0000\\u0000\\u0000\\u0000\\u0000\\u0000\\u0000\\u0000\\u0000\\u0000\\u0000\\u0000\\u0000\\u0000\\u0000\\u0000\\u0000\\u0000\\u0000\\u0000\\u0000\\u0000\\u0000\\u0000\\u0000\\u0000\\u0000\\u0000\\u0000\\u0000\\u0000\\u0000\\u0000\\u0000\\u0000\\u0000\\u0000\\u0000\\u0000\\u0000\\u0000\\u0000\\u0000\\u0000\\u0000\\u0000\\u0000\\u0000\\u0000\\u0000\\u0000\\u0000\\u0000\\u0000\\u0000\\u0000\\u0000\\u0000\\u0000\\u0000\\u0000\\u0000\\u0000\\u0000\\u0000\\u0000\\u0000\\u0000\\u0000\\u0000\\u0000\\u0000\\u0000\\u0000\\u0000\\u0000\\u0000\\u0000\\u0000\\u0000\\u0000\\u0000\\u0000\\u0000\\u0000\\u0000\\u0000\\u0000\\u0000\\u0000\\u0000\\u0000\\u0000\\u0000\\u0000\\u0000\\u0000\\u0000\\u0000\\u0000\\u0000\\u0000\\u0000\\u0000\\u0000\\u0000\\u0000\\u0000\\u0000\\u0000\\u0000\\u0000\\u0000\\u0000\\u0000\\u0000\\u0000\\u0000\\u0000\\u0000\\u0000\\u0000\\u0000\\u0000\\u0000\\u0000\\u0000\\u0000\\u0000\\u0000\\u0000\\u0000\\u0000\\u0000\\u0000\\u0000\\u0000\\u0000\\u0000\\u0000\\u0000\\u0000\\u0000\\u0000\\u0000\\u0000\\u0000\\u0000\\u0000\\u0000\\u0000\\u0000\\u0000\\u0000\\u0000\\u0000\\u0000\\u0000\\u0000\\u0000\\u0000\\u0000\\u0000\\u0000\\u0000\\u0000\",\"SubSecTime\":11,\"SubSecTimeOriginal\":11,\"SubSecTimeDigitized\":11,\"FlashPixVersion\":100,\"ColorSpace\":1,\"ExifImageWidth\":2868,\"ExifImageLength\":3744,\"InteroperabilityOffset\":988,\"FocalPlaneXResolution\":3957.7167019027,\"FocalPlaneYResolution\":3961.9047619048,\"FocalPlaneResolutionUnit\":2,\"CustomRendered\":0,\"ExposureMode\":1,\"WhiteBalance\":1,\"SceneCaptureType\":0},\"GPS\":{\"GPSVersion\":\"\\u0002\\u0002\\u0000\\u0000\",\"computed\":{\"version\":\"v2.2.0.0\"}},\"INTEROP\":{\"InterOperabilityIndex\":\"R98\",\"InterOperabilityVersion\":\"0100\"}}}}'),(145,4,NULL,1682628,1,'611696893b5f5d2b0fe4be0e95406112','image/jpeg','JPEG image data, JFIF standard 1.02, resolution (DPI), density 72x72, segment length 16, Exif Standard: [TIFF image data, little-endian, direntries=11, manufacturer=Canon, model=Canon EOS-1Ds Mark III, orientation=upper-left, xresolution=175, yresolution=','4/eaa1646_001_0000074_00352a.jpg','eaa1646_001_0000074_00352a.jpg','2019-06-07 12:05:56','2019-03-29 09:26:59',1,'{\"mime_type\":\"image\\/jpeg\",\"video\":{\"dataformat\":\"jpg\",\"lossless\":false,\"bits_per_sample\":24,\"pixel_aspect_ratio\":1,\"resolution_x\":2768,\"resolution_y\":3744,\"compression_ratio\":0.054120890148708},\"jpg\":{\"exif\":{\"FILE\":{\"FileName\":\"ea6bb3dd58d2f89bd59efa51add9df54.jpg\",\"FileDateTime\":1553851599,\"FileSize\":1682628,\"FileType\":2,\"MimeType\":\"image\\/jpeg\",\"SectionsFound\":\"ANY_TAG, IFD0, THUMBNAIL, EXIF, GPS, INTEROP\"},\"COMPUTED\":{\"html\":\"width=\\\"2768\\\" height=\\\"3744\\\"\",\"Height\":3744,\"Width\":2768,\"IsColor\":1,\"ByteOrderMotorola\":0,\"CCDWidth\":\"17mm\",\"ApertureFNumber\":\"f\\/9.0\",\"UserComment\":null,\"UserCommentEncoding\":\"UNDEFINED\",\"Thumbnail.FileType\":2,\"Thumbnail.MimeType\":\"image\\/jpeg\"},\"IFD0\":{\"Make\":\"Canon\",\"Model\":\"Canon EOS-1Ds Mark III\",\"Orientation\":1,\"XResolution\":72,\"YResolution\":72,\"ResolutionUnit\":2,\"Software\":\"Adobe Photoshop Elements 10.0 Windows\",\"DateTime\":\"2019:03:26 13:38:50\",\"YCbCrPositioning\":2,\"Exif_IFD_Pointer\":252,\"GPS_IFD_Pointer\":1020},\"THUMBNAIL\":{\"Compression\":6,\"XResolution\":72,\"YResolution\":72,\"ResolutionUnit\":2,\"JPEGInterchangeFormat\":1134,\"JPEGInterchangeFormatLength\":9011},\"EXIF\":{\"ExposureTime\":0.02,\"FNumber\":9,\"ExposureProgram\":1,\"ISOSpeedRatings\":400,\"ExifVersion\":221,\"DateTimeOriginal\":\"2018:04:04 10:43:40\",\"DateTimeDigitized\":\"2018:04:04 10:43:40\",\"ComponentsConfiguration\":\"\\u0001\\u0002\\u0003\\u0000\",\"ShutterSpeedValue\":5.625,\"ApertureValue\":6.375,\"ExposureBiasValue\":0,\"MeteringMode\":5,\"Flash\":0,\"FocalLength\":50,\"UserComment\":\"\\u0000\\u0000\\u0000\\u0000\\u0000\\u0000\\u0000\\u0000\\u0000\\u0000\\u0000\\u0000\\u0000\\u0000\\u0000\\u0000\\u0000\\u0000\\u0000\\u0000\\u0000\\u0000\\u0000\\u0000\\u0000\\u0000\\u0000\\u0000\\u0000\\u0000\\u0000\\u0000\\u0000\\u0000\\u0000\\u0000\\u0000\\u0000\\u0000\\u0000\\u0000\\u0000\\u0000\\u0000\\u0000\\u0000\\u0000\\u0000\\u0000\\u0000\\u0000\\u0000\\u0000\\u0000\\u0000\\u0000\\u0000\\u0000\\u0000\\u0000\\u0000\\u0000\\u0000\\u0000\\u0000\\u0000\\u0000\\u0000\\u0000\\u0000\\u0000\\u0000\\u0000\\u0000\\u0000\\u0000\\u0000\\u0000\\u0000\\u0000\\u0000\\u0000\\u0000\\u0000\\u0000\\u0000\\u0000\\u0000\\u0000\\u0000\\u0000\\u0000\\u0000\\u0000\\u0000\\u0000\\u0000\\u0000\\u0000\\u0000\\u0000\\u0000\\u0000\\u0000\\u0000\\u0000\\u0000\\u0000\\u0000\\u0000\\u0000\\u0000\\u0000\\u0000\\u0000\\u0000\\u0000\\u0000\\u0000\\u0000\\u0000\\u0000\\u0000\\u0000\\u0000\\u0000\\u0000\\u0000\\u0000\\u0000\\u0000\\u0000\\u0000\\u0000\\u0000\\u0000\\u0000\\u0000\\u0000\\u0000\\u0000\\u0000\\u0000\\u0000\\u0000\\u0000\\u0000\\u0000\\u0000\\u0000\\u0000\\u0000\\u0000\\u0000\\u0000\\u0000\\u0000\\u0000\\u0000\\u0000\\u0000\\u0000\\u0000\\u0000\\u0000\\u0000\\u0000\\u0000\\u0000\\u0000\\u0000\\u0000\\u0000\\u0000\\u0000\\u0000\\u0000\\u0000\\u0000\\u0000\\u0000\\u0000\\u0000\\u0000\\u0000\\u0000\\u0000\\u0000\\u0000\\u0000\\u0000\\u0000\\u0000\\u0000\\u0000\\u0000\\u0000\\u0000\\u0000\\u0000\\u0000\\u0000\\u0000\\u0000\\u0000\\u0000\\u0000\\u0000\\u0000\\u0000\\u0000\\u0000\\u0000\\u0000\\u0000\\u0000\\u0000\\u0000\\u0000\\u0000\\u0000\\u0000\\u0000\\u0000\\u0000\\u0000\\u0000\\u0000\\u0000\\u0000\\u0000\\u0000\\u0000\\u0000\\u0000\\u0000\\u0000\\u0000\\u0000\\u0000\\u0000\\u0000\\u0000\\u0000\\u0000\\u0000\\u0000\\u0000\\u0000\\u0000\\u0000\\u0000\\u0000\\u0000\\u0000\\u0000\\u0000\\u0000\\u0000\\u0000\\u0000\\u0000\\u0000\\u0000\",\"SubSecTime\":30,\"SubSecTimeOriginal\":30,\"SubSecTimeDigitized\":30,\"FlashPixVersion\":100,\"ColorSpace\":1,\"ExifImageWidth\":2768,\"ExifImageLength\":3744,\"InteroperabilityOffset\":988,\"FocalPlaneXResolution\":3957.7167019027,\"FocalPlaneYResolution\":3961.9047619048,\"FocalPlaneResolutionUnit\":2,\"CustomRendered\":0,\"ExposureMode\":1,\"WhiteBalance\":1,\"SceneCaptureType\":0},\"GPS\":{\"GPSVersion\":\"\\u0002\\u0002\\u0000\\u0000\",\"computed\":{\"version\":\"v2.2.0.0\"}},\"INTEROP\":{\"InterOperabilityIndex\":\"R98\",\"InterOperabilityVersion\":\"0100\"}}}}'),(146,4,NULL,1823201,1,'b07bcccebb54ba864a8195e8ec19beed','image/jpeg','JPEG image data, JFIF standard 1.02, resolution (DPI), density 72x72, segment length 16, Exif Standard: [TIFF image data, little-endian, direntries=11, manufacturer=Canon, model=Canon EOS-1Ds Mark III, orientation=upper-left, xresolution=175, yresolution=','4/eaa1646_001_0000074_00352b.jpg','eaa1646_001_0000074_00352b.jpg','2019-06-07 12:05:56','2019-03-29 09:27:00',1,'0'),(147,4,NULL,1790149,1,'8660d5f5a0e62e7e04f7e0bb309c10b6','image/jpeg','JPEG image data, JFIF standard 1.02, resolution (DPI), density 72x72, segment length 16, Exif Standard: [TIFF image data, little-endian, direntries=11, manufacturer=Canon, model=Canon EOS-1Ds Mark III, orientation=upper-left, xresolution=175, yresolution=','4/eaa1646_001_0000074_00353a.jpg','eaa1646_001_0000074_00353a.jpg','2019-06-07 12:05:56','2019-03-29 09:27:01',1,'{\"mime_type\":\"image\\/jpeg\",\"video\":{\"dataformat\":\"jpg\",\"lossless\":false,\"bits_per_sample\":24,\"pixel_aspect_ratio\":1,\"resolution_x\":2774,\"resolution_y\":3744,\"compression_ratio\":0.057454708916948},\"jpg\":{\"exif\":{\"FILE\":{\"FileName\":\"62d88bca30b5c937ee88e28289b4f853.jpg\",\"FileDateTime\":1553851605,\"FileSize\":1790149,\"FileType\":2,\"MimeType\":\"image\\/jpeg\",\"SectionsFound\":\"ANY_TAG, IFD0, THUMBNAIL, EXIF, GPS, INTEROP\"},\"COMPUTED\":{\"html\":\"width=\\\"2774\\\" height=\\\"3744\\\"\",\"Height\":3744,\"Width\":2774,\"IsColor\":1,\"ByteOrderMotorola\":0,\"CCDWidth\":\"17mm\",\"ApertureFNumber\":\"f\\/9.0\",\"UserComment\":null,\"UserCommentEncoding\":\"UNDEFINED\",\"Thumbnail.FileType\":2,\"Thumbnail.MimeType\":\"image\\/jpeg\"},\"IFD0\":{\"Make\":\"Canon\",\"Model\":\"Canon EOS-1Ds Mark III\",\"Orientation\":1,\"XResolution\":72,\"YResolution\":72,\"ResolutionUnit\":2,\"Software\":\"Adobe Photoshop Elements 10.0 Windows\",\"DateTime\":\"2019:03:26 13:40:20\",\"YCbCrPositioning\":2,\"Exif_IFD_Pointer\":252,\"GPS_IFD_Pointer\":1020},\"THUMBNAIL\":{\"Compression\":6,\"XResolution\":72,\"YResolution\":72,\"ResolutionUnit\":2,\"JPEGInterchangeFormat\":1134,\"JPEGInterchangeFormatLength\":9273},\"EXIF\":{\"ExposureTime\":0.02,\"FNumber\":9,\"ExposureProgram\":1,\"ISOSpeedRatings\":400,\"ExifVersion\":221,\"DateTimeOriginal\":\"2018:04:04 10:43:51\",\"DateTimeDigitized\":\"2018:04:04 10:43:51\",\"ComponentsConfiguration\":\"\\u0001\\u0002\\u0003\\u0000\",\"ShutterSpeedValue\":5.625,\"ApertureValue\":6.375,\"ExposureBiasValue\":0,\"MeteringMode\":5,\"Flash\":0,\"FocalLength\":50,\"UserComment\":\"\\u0000\\u0000\\u0000\\u0000\\u0000\\u0000\\u0000\\u0000\\u0000\\u0000\\u0000\\u0000\\u0000\\u0000\\u0000\\u0000\\u0000\\u0000\\u0000\\u0000\\u0000\\u0000\\u0000\\u0000\\u0000\\u0000\\u0000\\u0000\\u0000\\u0000\\u0000\\u0000\\u0000\\u0000\\u0000\\u0000\\u0000\\u0000\\u0000\\u0000\\u0000\\u0000\\u0000\\u0000\\u0000\\u0000\\u0000\\u0000\\u0000\\u0000\\u0000\\u0000\\u0000\\u0000\\u0000\\u0000\\u0000\\u0000\\u0000\\u0000\\u0000\\u0000\\u0000\\u0000\\u0000\\u0000\\u0000\\u0000\\u0000\\u0000\\u0000\\u0000\\u0000\\u0000\\u0000\\u0000\\u0000\\u0000\\u0000\\u0000\\u0000\\u0000\\u0000\\u0000\\u0000\\u0000\\u0000\\u0000\\u0000\\u0000\\u0000\\u0000\\u0000\\u0000\\u0000\\u0000\\u0000\\u0000\\u0000\\u0000\\u0000\\u0000\\u0000\\u0000\\u0000\\u0000\\u0000\\u0000\\u0000\\u0000\\u0000\\u0000\\u0000\\u0000\\u0000\\u0000\\u0000\\u0000\\u0000\\u0000\\u0000\\u0000\\u0000\\u0000\\u0000\\u0000\\u0000\\u0000\\u0000\\u0000\\u0000\\u0000\\u0000\\u0000\\u0000\\u0000\\u0000\\u0000\\u0000\\u0000\\u0000\\u0000\\u0000\\u0000\\u0000\\u0000\\u0000\\u0000\\u0000\\u0000\\u0000\\u0000\\u0000\\u0000\\u0000\\u0000\\u0000\\u0000\\u0000\\u0000\\u0000\\u0000\\u0000\\u0000\\u0000\\u0000\\u0000\\u0000\\u0000\\u0000\\u0000\\u0000\\u0000\\u0000\\u0000\\u0000\\u0000\\u0000\\u0000\\u0000\\u0000\\u0000\\u0000\\u0000\\u0000\\u0000\\u0000\\u0000\\u0000\\u0000\\u0000\\u0000\\u0000\\u0000\\u0000\\u0000\\u0000\\u0000\\u0000\\u0000\\u0000\\u0000\\u0000\\u0000\\u0000\\u0000\\u0000\\u0000\\u0000\\u0000\\u0000\\u0000\\u0000\\u0000\\u0000\\u0000\\u0000\\u0000\\u0000\\u0000\\u0000\\u0000\\u0000\\u0000\\u0000\\u0000\\u0000\\u0000\\u0000\\u0000\\u0000\\u0000\\u0000\\u0000\\u0000\\u0000\\u0000\\u0000\\u0000\\u0000\\u0000\\u0000\\u0000\\u0000\\u0000\\u0000\\u0000\\u0000\\u0000\\u0000\\u0000\\u0000\\u0000\\u0000\\u0000\\u0000\\u0000\\u0000\\u0000\\u0000\\u0000\\u0000\\u0000\\u0000\",\"SubSecTime\":3,\"SubSecTimeOriginal\":3,\"SubSecTimeDigitized\":3,\"FlashPixVersion\":100,\"ColorSpace\":1,\"ExifImageWidth\":2774,\"ExifImageLength\":3744,\"InteroperabilityOffset\":988,\"FocalPlaneXResolution\":3957.7167019027,\"FocalPlaneYResolution\":3961.9047619048,\"FocalPlaneResolutionUnit\":2,\"CustomRendered\":0,\"ExposureMode\":1,\"WhiteBalance\":1,\"SceneCaptureType\":0},\"GPS\":{\"GPSVersion\":\"\\u0002\\u0002\\u0000\\u0000\",\"computed\":{\"version\":\"v2.2.0.0\"}},\"INTEROP\":{\"InterOperabilityIndex\":\"R98\",\"InterOperabilityVersion\":\"0100\"}}}}'),(148,4,NULL,1841909,1,'01ccb876794cea0dd1df3ec1ca6ef84a','image/jpeg','JPEG image data, JFIF standard 1.02, resolution (DPI), density 72x72, segment length 16, Exif Standard: [TIFF image data, little-endian, direntries=11, manufacturer=Canon, model=Canon EOS-1Ds Mark III, orientation=upper-left, xresolution=175, yresolution=','4/eaa1646_001_0000074_00353b.jpg','eaa1646_001_0000074_00353b.jpg','2019-06-07 12:05:56','2019-03-29 09:27:03',1,'{\"mime_type\":\"image\\/jpeg\",\"video\":{\"dataformat\":\"jpg\",\"lossless\":false,\"bits_per_sample\":24,\"pixel_aspect_ratio\":1,\"resolution_x\":2861,\"resolution_y\":3744,\"compression_ratio\":0.057318288935293},\"jpg\":{\"exif\":{\"FILE\":{\"FileName\":\"19447bb456420adc6b963db9558dfceb.jpg\",\"FileDateTime\":1553851608,\"FileSize\":1841909,\"FileType\":2,\"MimeType\":\"image\\/jpeg\",\"SectionsFound\":\"ANY_TAG, IFD0, THUMBNAIL, EXIF, GPS, INTEROP\"},\"COMPUTED\":{\"html\":\"width=\\\"2861\\\" height=\\\"3744\\\"\",\"Height\":3744,\"Width\":2861,\"IsColor\":1,\"ByteOrderMotorola\":0,\"CCDWidth\":\"18mm\",\"ApertureFNumber\":\"f\\/9.0\",\"UserComment\":null,\"UserCommentEncoding\":\"UNDEFINED\",\"Thumbnail.FileType\":2,\"Thumbnail.MimeType\":\"image\\/jpeg\"},\"IFD0\":{\"Make\":\"Canon\",\"Model\":\"Canon EOS-1Ds Mark III\",\"Orientation\":1,\"XResolution\":72,\"YResolution\":72,\"ResolutionUnit\":2,\"Software\":\"Adobe Photoshop Elements 10.0 Windows\",\"DateTime\":\"2019:03:26 13:40:35\",\"YCbCrPositioning\":2,\"Exif_IFD_Pointer\":252,\"GPS_IFD_Pointer\":1020},\"THUMBNAIL\":{\"Compression\":6,\"XResolution\":72,\"YResolution\":72,\"ResolutionUnit\":2,\"JPEGInterchangeFormat\":1134,\"JPEGInterchangeFormatLength\":9528},\"EXIF\":{\"ExposureTime\":0.02,\"FNumber\":9,\"ExposureProgram\":1,\"ISOSpeedRatings\":400,\"ExifVersion\":221,\"DateTimeOriginal\":\"2018:04:04 10:43:51\",\"DateTimeDigitized\":\"2018:04:04 10:43:51\",\"ComponentsConfiguration\":\"\\u0001\\u0002\\u0003\\u0000\",\"ShutterSpeedValue\":5.625,\"ApertureValue\":6.375,\"ExposureBiasValue\":0,\"MeteringMode\":5,\"Flash\":0,\"FocalLength\":50,\"UserComment\":\"\\u0000\\u0000\\u0000\\u0000\\u0000\\u0000\\u0000\\u0000\\u0000\\u0000\\u0000\\u0000\\u0000\\u0000\\u0000\\u0000\\u0000\\u0000\\u0000\\u0000\\u0000\\u0000\\u0000\\u0000\\u0000\\u0000\\u0000\\u0000\\u0000\\u0000\\u0000\\u0000\\u0000\\u0000\\u0000\\u0000\\u0000\\u0000\\u0000\\u0000\\u0000\\u0000\\u0000\\u0000\\u0000\\u0000\\u0000\\u0000\\u0000\\u0000\\u0000\\u0000\\u0000\\u0000\\u0000\\u0000\\u0000\\u0000\\u0000\\u0000\\u0000\\u0000\\u0000\\u0000\\u0000\\u0000\\u0000\\u0000\\u0000\\u0000\\u0000\\u0000\\u0000\\u0000\\u0000\\u0000\\u0000\\u0000\\u0000\\u0000\\u0000\\u0000\\u0000\\u0000\\u0000\\u0000\\u0000\\u0000\\u0000\\u0000\\u0000\\u0000\\u0000\\u0000\\u0000\\u0000\\u0000\\u0000\\u0000\\u0000\\u0000\\u0000\\u0000\\u0000\\u0000\\u0000\\u0000\\u0000\\u0000\\u0000\\u0000\\u0000\\u0000\\u0000\\u0000\\u0000\\u0000\\u0000\\u0000\\u0000\\u0000\\u0000\\u0000\\u0000\\u0000\\u0000\\u0000\\u0000\\u0000\\u0000\\u0000\\u0000\\u0000\\u0000\\u0000\\u0000\\u0000\\u0000\\u0000\\u0000\\u0000\\u0000\\u0000\\u0000\\u0000\\u0000\\u0000\\u0000\\u0000\\u0000\\u0000\\u0000\\u0000\\u0000\\u0000\\u0000\\u0000\\u0000\\u0000\\u0000\\u0000\\u0000\\u0000\\u0000\\u0000\\u0000\\u0000\\u0000\\u0000\\u0000\\u0000\\u0000\\u0000\\u0000\\u0000\\u0000\\u0000\\u0000\\u0000\\u0000\\u0000\\u0000\\u0000\\u0000\\u0000\\u0000\\u0000\\u0000\\u0000\\u0000\\u0000\\u0000\\u0000\\u0000\\u0000\\u0000\\u0000\\u0000\\u0000\\u0000\\u0000\\u0000\\u0000\\u0000\\u0000\\u0000\\u0000\\u0000\\u0000\\u0000\\u0000\\u0000\\u0000\\u0000\\u0000\\u0000\\u0000\\u0000\\u0000\\u0000\\u0000\\u0000\\u0000\\u0000\\u0000\\u0000\\u0000\\u0000\\u0000\\u0000\\u0000\\u0000\\u0000\\u0000\\u0000\\u0000\\u0000\\u0000\\u0000\\u0000\\u0000\\u0000\\u0000\\u0000\\u0000\\u0000\\u0000\\u0000\\u0000\\u0000\\u0000\\u0000\\u0000\\u0000\\u0000\\u0000\\u0000\\u0000\\u0000\\u0000\\u0000\\u0000\\u0000\\u0000\",\"SubSecTime\":3,\"SubSecTimeOriginal\":3,\"SubSecTimeDigitized\":3,\"FlashPixVersion\":100,\"ColorSpace\":1,\"ExifImageWidth\":2861,\"ExifImageLength\":3744,\"InteroperabilityOffset\":988,\"FocalPlaneXResolution\":3957.7167019027,\"FocalPlaneYResolution\":3961.9047619048,\"FocalPlaneResolutionUnit\":2,\"CustomRendered\":0,\"ExposureMode\":1,\"WhiteBalance\":1,\"SceneCaptureType\":0},\"GPS\":{\"GPSVersion\":\"\\u0002\\u0002\\u0000\\u0000\",\"computed\":{\"version\":\"v2.2.0.0\"}},\"INTEROP\":{\"InterOperabilityIndex\":\"R98\",\"InterOperabilityVersion\":\"0100\"}}}}'),(155,5,NULL,1977218,1,'f1e80552b5c941ba38d76620c629cb08','image/jpeg','JPEG image data, JFIF standard 1.02, resolution (DPI), density 72x72, segment length 16, Exif Standard: [TIFF image data, big-endian, direntries=9, description=Records creator: Kihlakunnanoikeuksien renovoidut tuomiokirjat, \\nArchive/Fond: Pohjanmaan tuom','5/Varsinai_435b.jpg','Varsinai_435b.jpg','2019-06-07 12:05:56','2019-03-29 11:19:28',1,'0'),(158,6,NULL,2052566,1,'b840e8fc6f3a10a82378c49e8ca1d62e','image/jpeg','JPEG image data, JFIF standard 1.02, resolution (DPI), density 72x72, segment length 16, Exif Standard: [TIFF image data, big-endian, direntries=9, description=Records creator: Kihlakunnanoikeuksien renovoidut tuomiokirjat, \\nArchive/Fond: Pohjanmaan tuom','6/Varsinai_431b.jpg','Varsinai_431b.jpg','2019-06-07 12:05:56','2019-04-02 07:46:31',1,'0'),(159,6,NULL,1728507,1,'fb0571465ff446f167d792e5b5db444c','image/jpeg','JPEG image data, JFIF standard 1.02, resolution (DPI), density 72x72, segment length 16, Exif Standard: [TIFF image data, big-endian, direntries=9, description=Records creator: Kihlakunnanoikeuksien renovoidut tuomiokirjat, \\nArchive/Fond: Pohjanmaan tuom','6/Varsinai_432a.jpg','Varsinai_432a.jpg','2019-06-07 12:05:56','2019-04-02 07:46:33',1,'0'),(160,6,NULL,1696926,1,'8bc11e27ba665d51e10df9309b9fed47','image/jpeg','JPEG image data, JFIF standard 1.02, resolution (DPI), density 72x72, segment length 16, Exif Standard: [TIFF image data, big-endian, direntries=9, description=Records creator: Kihlakunnanoikeuksien renovoidut tuomiokirjat, \\nArchive/Fond: Pohjanmaan tuom','6/Varsinai_435a.jpg','Varsinai_435a.jpg','2019-06-07 12:05:56','2019-04-02 07:46:34',1,'0'),(161,6,NULL,1977218,1,'f1e80552b5c941ba38d76620c629cb08','image/jpeg','JPEG image data, JFIF standard 1.02, resolution (DPI), density 72x72, segment length 16, Exif Standard: [TIFF image data, big-endian, direntries=9, description=Records creator: Kihlakunnanoikeuksien renovoidut tuomiokirjat, \\nArchive/Fond: Pohjanmaan tuom','6/Varsinai_435b.jpg','Varsinai_435b.jpg','2019-06-07 12:05:56','2019-04-02 07:46:35',1,'0'),(162,6,NULL,1529068,1,'b0bfe979e60620509739d30c0c9ca6fe','image/jpeg','JPEG image data, JFIF standard 1.02, resolution (DPI), density 72x72, segment length 16, Exif Standard: [TIFF image data, big-endian, direntries=9, description=Records creator: Kihlakunnanoikeuksien renovoidut tuomiokirjat, \\nArchive/Fond: Pohjanmaan tuom','6/Varsinai_436a.jpg','Varsinai_436a.jpg','2019-06-07 12:05:56','2019-04-02 07:46:36',1,'0'),(166,1,NULL,1982668,1,'db242cdea3e6114116e7dca7e0a2be64','image/jpeg','JPEG image data, JFIF standard 1.02, resolution (DPI), density 72x72, segment length 16, Exif Standard: [TIFF image data, big-endian, direntries=9, description=Records creator: Raastuvanoikeuksien renovoidut tuomiokirjat ( - 1809), \\nArchive/Fond: Raastuv','1/Tuomioki_360b.jpg','Tuomioki_360b.jpg','2019-06-07 12:20:41','2019-04-02 09:09:51',1,'0'),(168,7,NULL,2021458,1,'e262555fc167d143a8d7430f0b1a0ca2','image/jpeg','JPEG image data, JFIF standard 1.02, resolution (DPI), density 72x72, segment length 16, Exif Standard: [TIFF image data, big-endian, direntries=9, description=Records creator: Raastuvanoikeuksien renovoidut tuomiokirjat ( - 1809), \\nArchive/Fond: Raastuv','7/Tuomioki_360b_2.jpg','Tuomioki_360b_2.jpg','2019-06-07 12:05:56','2019-04-03 07:35:54',1,'0'),(184,8,NULL,1996527,1,'a48afd5db775cd77cbbc53f6729791ed','image/jpeg','JPEG image data, JFIF standard 1.02, resolution (DPI), density 72x72, segment length 16, Exif Standard: [TIFF image data, big-endian, direntries=9, description=Records creator: Raastuvanoikeuksien renovoidut tuomiokirjat ( - 1809), \\nArchive/Fond: Raastuv','8/Tuomioki_360b_3.jpg','Tuomioki_360b_3.jpg','2019-06-07 12:05:56','2019-04-15 07:04:20',1,'0'),(186,9,NULL,1992881,1,'8f70aa8de3516d78cab4ae65a3f75a23','image/jpeg','JPEG image data, JFIF standard 1.02, resolution (DPI), density 72x72, segment length 16, Exif Standard: [TIFF image data, big-endian, direntries=9, description=Records creator: Raastuvanoikeuksien renovoidut tuomiokirjat ( - 1809), \\nArchive/Fond: Raastuv','9/Tuomioki_360b_4.jpg','Tuomioki_360b_4.jpg','2019-06-07 12:05:56','2019-04-15 09:53:16',1,'{\"mime_type\":\"image\\/jpeg\",\"video\":{\"dataformat\":\"jpg\",\"lossless\":false,\"bits_per_sample\":24,\"pixel_aspect_ratio\":1,\"resolution_x\":3028,\"resolution_y\":4664,\"compression_ratio\":0.047037658998197},\"comments\":{\"IPTCApplication\":{\"ApplicationRecordVersion\":[\"+X\"],\"Caption-Abstract\":[\"Records creator: Raastuvanoikeuksien renovoidut tuomiokirjat ( - 1809), \\\\nArchive\\/Fond: Raastuvanoikeuksien renovoidut tuomiokirjat, \\\\nSeries: Vaasan raastuvanoikeuden tuomiokirjat, \\\\nUnit: v:1 Tuomiokirjat, \\\\nInclusive dates: 1650 - 1659\\\\n\"],\"By-line\":[\"National Archives of Finland\"],\"ObjectName\":[\"Tuomiokirjat\"]}},\"comments_html\":{\"IPTCApplication\":{\"ApplicationRecordVersion\":[\"+X\"],\"Caption-Abstract\":[\"Records creator: Raastuvanoikeuksien renovoidut tuomiokirjat ( - 1809), \\\\nArchive\\/Fond: Raastuvanoikeuksien renovoidut tuomiokirjat, \\\\nSeries: Vaasan raastuvanoikeuden tuomiokirjat, \\\\nUnit: v:1 Tuomiokirjat, \\\\nInclusive dates: 1650 - 1659\\\\n\"],\"By-line\":[\"National Archives of Finland\"],\"ObjectName\":[\"Tuomiokirjat\"]}},\"iptc\":{\"comments\":{\"IPTCApplication\":{\"ApplicationRecordVersion\":[\"+X\"],\"Caption-Abstract\":[\"Records creator: Raastuvanoikeuksien renovoidut tuomiokirjat ( - 1809), \\\\nArchive\\/Fond: Raastuvanoikeuksien renovoidut tuomiokirjat, \\\\nSeries: Vaasan raastuvanoikeuden tuomiokirjat, \\\\nUnit: v:1 Tuomiokirjat, \\\\nInclusive dates: 1650 - 1659\\\\n\"],\"By-line\":[\"National Archives of Finland\"],\"ObjectName\":[\"Tuomiokirjat\"]}},\"encoding\":\"ISO-8859-1\"},\"jpg\":{\"exif\":{\"FILE\":{\"FileName\":\"73722a245df312361d30f0873194eb8f.jpg\",\"FileDateTime\":1555321996,\"FileSize\":1992881,\"FileType\":2,\"MimeType\":\"image\\/jpeg\",\"SectionsFound\":\"ANY_TAG, IFD0, THUMBNAIL, EXIF\"},\"COMPUTED\":{\"html\":\"width=\\\"3028\\\" height=\\\"4664\\\"\",\"Height\":4664,\"Width\":3028,\"IsColor\":1,\"ByteOrderMotorola\":1,\"Thumbnail.FileType\":2,\"Thumbnail.MimeType\":\"image\\/jpeg\"},\"IFD0\":{\"ImageDescription\":\"Records creator: Raastuvanoikeuksien renovoidut tuomiokirjat ( - 1809), \\\\nArchive\\/Fond: Raastuvanoikeuksien renovoidut tuomiokirjat, \\\\nSeries: Vaasan raastuvanoikeuden tuomiokirjat, \\\\nUnit: v:1 Tuomiokirjat, \\\\nInclusive dates: 1650 - 1659\\\\n\",\"Orientation\":1,\"XResolution\":72,\"YResolution\":72,\"ResolutionUnit\":2,\"Software\":\"Adobe Photoshop Elements 10.0 Windows\",\"DateTime\":\"2019:04:15 10:45:35\",\"Artist\":\"National Archives of Finland\",\"Exif_IFD_Pointer\":468},\"THUMBNAIL\":{\"Compression\":6,\"XResolution\":72,\"YResolution\":72,\"ResolutionUnit\":2,\"JPEGInterchangeFormat\":606,\"JPEGInterchangeFormatLength\":10852},\"EXIF\":{\"ColorSpace\":1,\"ExifImageWidth\":3028,\"ExifImageLength\":4664}}}}'),(189,2,NULL,14053,0,'863140f2107e37033f47e406402ee390','application/xml','XML 1.0 document, UTF-8 Unicode text','2/Narva_1615_voiteen_sanat.xml','Narva_1615_voiteen_sanat.xml','2019-06-07 12:05:56','2019-04-15 10:00:06',1,'[]'),(190,3,8,46809,0,'66bd0df5bf4a44d5a746801b2f0babfb','application/xml','XML 1.0 document, UTF-8 Unicode text','3/Vaasa_1657.xml','Vaasa_1657.xml','2019-06-07 12:05:56','2019-04-15 10:00:22',1,'[]'),(191,4,NULL,33600,0,'f8f2a033f18254bff0bb2a0983d5b4aa','application/xml','XML 1.0 document, UTF-8 Unicode text','4/Narva_1615.xml','Narva_1615.xml','2019-06-07 12:05:56','2019-04-15 10:01:18',1,'[]'),(193,6,NULL,12863,0,'6a6ea1b37ce40e22bde549b3c396bdd3','application/xml','XML 1.0 document, UTF-8 Unicode text','6/Kokkola_1657.xml','Kokkola_1657.xml','2019-06-07 12:05:56','2019-04-15 10:02:29',1,'[]'),(194,7,NULL,16016,0,'8d3c20245de43af90a5fbf336a12f109','application/xml','XML 1.0 document, UTF-8 Unicode text','7/Vaasa_1657_raudan_sanat.xml','Vaasa_1657_raudan_sanat.xml','2019-06-07 12:05:56','2019-04-15 10:02:46',1,'[]'),(195,8,NULL,18472,0,'7eb2d4a88261545d89f56a06486af298','application/xml','XML 1.0 document, UTF-8 Unicode text','8/Vaasa_1657_kirot.xml','Vaasa_1657_kirot.xml','2019-06-07 12:05:56','2019-04-15 10:03:03',1,'[]'),(196,3,6,2005988,1,'e4f0c4da65231425f6997afba7b98d92','image/jpeg','JPEG image data, JFIF standard 1.02, resolution (DPI), density 72x72, segment length 16, Exif Standard: [TIFF image data, big-endian, direntries=9, description=Records creator: Raastuvanoikeuksien renovoidut tuomiokirjat ( - 1809), \\nArchive/Fond: Raastuv','3/Tuomioki_360b.jpg','Tuomioki_360b.jpg','2019-06-07 12:05:56','2019-04-15 10:29:02',1,'0'),(197,9,NULL,14095,0,'ea10abb3e83267a4e9a249d0387bb4d2','application/xml','XML 1.0 document, UTF-8 Unicode text','9/Vaasa_1657_maasta_tarttuu.xml','Vaasa_1657_maasta_tarttuu.xml','2019-06-07 12:05:56','2019-04-15 10:45:33',1,'[]'),(198,1,NULL,21685,0,'8a0a098b67ef77bc095bb67f5236673e','application/xml','XML 1.0 document, UTF-8 Unicode text','1/Vaasa_1657_tulen_sanat.xml','Vaasa_1657_tulen_sanat.xml','2019-06-07 12:20:41','2019-04-15 10:56:41',1,'[]'),(199,5,NULL,13328,0,'7377dae80d64c999ea343f57c049c9c1','application/xml','XML 1.0 document, UTF-8 Unicode text','5/Kokkola_1657_puun_sanat.xml','Kokkola_1657_puun_sanat.xml','2019-06-07 12:05:56','2019-06-07 06:29:05',1,'[]');
/*!40000 ALTER TABLE `loitsut_files` ENABLE KEYS */;
UNLOCK TABLES;

--
-- Table structure for table `loitsut_item_types`
--

DROP TABLE IF EXISTS `loitsut_item_types`;
/*!40101 SET @saved_cs_client     = @@character_set_client */;
/*!40101 SET character_set_client = utf8 */;
CREATE TABLE `loitsut_item_types` (
  `id` int(10) unsigned NOT NULL AUTO_INCREMENT,
  `name` varchar(255) COLLATE utf8_unicode_ci NOT NULL,
  `description` text COLLATE utf8_unicode_ci,
  PRIMARY KEY (`id`),
  UNIQUE KEY `name` (`name`)
) ENGINE=InnoDB AUTO_INCREMENT=18 DEFAULT CHARSET=utf8 COLLATE=utf8_unicode_ci;
/*!40101 SET character_set_client = @saved_cs_client */;

--
-- Dumping data for table `loitsut_item_types`
--

LOCK TABLES `loitsut_item_types` WRITE;
/*!40000 ALTER TABLE `loitsut_item_types` DISABLE KEYS */;
INSERT INTO `loitsut_item_types` VALUES (1,'Text','A resource consisting primarily of words for reading. Examples include books, letters, dissertations, poems, newspapers, articles, archives of mailing lists. Note that facsimiles or images of texts are still of the genre Text.'),(3,'Moving Image','A series of visual representations imparting an impression of motion when shown in succession. Examples include animations, movies, television programs, videos, zoetropes, or visual output from a simulation.'),(4,'Oral History','A resource containing historical information obtained in interviews with persons having firsthand knowledge.'),(5,'Sound','A resource primarily intended to be heard. Examples include a music playback file format, an audio compact disc, and recorded speech or sounds.'),(6,'Still Image','A static visual representation. Examples include paintings, drawings, graphic designs, plans and maps. Recommended best practice is to assign the type Text to images of textual materials.'),(7,'Website','A resource comprising of a web page or web pages and all related assets ( such as images, sound and video files, etc. ).'),(8,'Event','A non-persistent, time-based occurrence. Metadata for an event provides descriptive information that is the basis for discovery of the purpose, location, duration, and responsible agents associated with an event. Examples include an exhibition, webcast, conference, workshop, open day, performance, battle, trial, wedding, tea party, conflagration.'),(9,'Email','A resource containing textual messages and binary attachments sent electronically from one person to another or one person to many people.'),(10,'Lesson Plan','A resource that gives a detailed description of a course of instruction.'),(11,'Hyperlink','A link, or reference, to another resource on the Internet.'),(12,'Person','An individual.'),(13,'Interactive Resource','A resource requiring interaction from the user to be understood, executed, or experienced. Examples include forms on Web pages, applets, multimedia learning objects, chat services, or virtual reality environments.'),(14,'Dataset','Data encoded in a defined structure. Examples include lists, tables, and databases. A dataset may be useful for direct machine processing.'),(15,'Physical Object','An inanimate, three-dimensional object or substance. Note that digital representations of, or surrogates for, these objects should use Moving Image, Still Image, Text or one of the other types.'),(16,'Service','A system that provides one or more functions. Examples include a photocopying service, a banking service, an authentication service, interlibrary loans, a Z39.50 or Web server.'),(17,'Software','A computer program in source or compiled form. Examples include a C source file, MS-Windows .exe executable, or Perl script.');
/*!40000 ALTER TABLE `loitsut_item_types` ENABLE KEYS */;
UNLOCK TABLES;

--
-- Table structure for table `loitsut_item_types_elements`
--

DROP TABLE IF EXISTS `loitsut_item_types_elements`;
/*!40101 SET @saved_cs_client     = @@character_set_client */;
/*!40101 SET character_set_client = utf8 */;
CREATE TABLE `loitsut_item_types_elements` (
  `id` int(10) unsigned NOT NULL AUTO_INCREMENT,
  `item_type_id` int(10) unsigned NOT NULL,
  `element_id` int(10) unsigned NOT NULL,
  `order` int(10) unsigned DEFAULT NULL,
  PRIMARY KEY (`id`),
  UNIQUE KEY `item_type_id_element_id` (`item_type_id`,`element_id`),
  KEY `item_type_id` (`item_type_id`),
  KEY `element_id` (`element_id`)
) ENGINE=InnoDB AUTO_INCREMENT=48 DEFAULT CHARSET=utf8 COLLATE=utf8_unicode_ci;
/*!40101 SET character_set_client = @saved_cs_client */;

--
-- Dumping data for table `loitsut_item_types_elements`
--

LOCK TABLES `loitsut_item_types_elements` WRITE;
/*!40000 ALTER TABLE `loitsut_item_types_elements` DISABLE KEYS */;
INSERT INTO `loitsut_item_types_elements` VALUES (1,1,7,NULL),(2,1,1,NULL),(3,6,7,NULL),(6,6,10,NULL),(7,3,7,NULL),(8,3,11,NULL),(9,3,12,NULL),(10,3,13,NULL),(11,3,14,NULL),(12,3,5,NULL),(13,5,7,NULL),(14,5,11,NULL),(15,5,15,NULL),(16,5,5,NULL),(17,4,7,NULL),(18,4,11,NULL),(19,4,15,NULL),(20,4,5,NULL),(21,4,2,NULL),(22,4,3,NULL),(23,4,4,NULL),(24,4,16,NULL),(25,9,17,NULL),(26,9,18,NULL),(27,9,20,NULL),(28,9,19,NULL),(29,9,21,NULL),(30,9,22,NULL),(31,9,23,NULL),(32,10,24,NULL),(33,10,25,NULL),(34,10,26,NULL),(35,10,11,NULL),(36,10,27,NULL),(37,7,6,NULL),(38,11,28,NULL),(39,8,29,NULL),(40,8,30,NULL),(41,8,11,NULL),(42,12,31,NULL),(43,12,32,NULL),(44,12,33,NULL),(45,12,34,NULL),(46,12,35,NULL),(47,12,36,NULL);
/*!40000 ALTER TABLE `loitsut_item_types_elements` ENABLE KEYS */;
UNLOCK TABLES;

--
-- Table structure for table `loitsut_items`
--

DROP TABLE IF EXISTS `loitsut_items`;
/*!40101 SET @saved_cs_client     = @@character_set_client */;
/*!40101 SET character_set_client = utf8 */;
CREATE TABLE `loitsut_items` (
  `id` int(10) unsigned NOT NULL AUTO_INCREMENT,
  `item_type_id` int(10) unsigned DEFAULT NULL,
  `collection_id` int(10) unsigned DEFAULT NULL,
  `featured` tinyint(4) NOT NULL,
  `public` tinyint(4) NOT NULL,
  `modified` timestamp NOT NULL DEFAULT CURRENT_TIMESTAMP ON UPDATE CURRENT_TIMESTAMP,
  `added` timestamp NOT NULL DEFAULT '1999-12-31 22:00:00',
  `owner_id` int(10) unsigned DEFAULT NULL,
  PRIMARY KEY (`id`),
  KEY `item_type_id` (`item_type_id`),
  KEY `collection_id` (`collection_id`),
  KEY `public` (`public`),
  KEY `featured` (`featured`),
  KEY `owner_id` (`owner_id`)
) ENGINE=InnoDB AUTO_INCREMENT=10 DEFAULT CHARSET=utf8 COLLATE=utf8_unicode_ci;
/*!40101 SET character_set_client = @saved_cs_client */;

--
-- Dumping data for table `loitsut_items`
--

LOCK TABLES `loitsut_items` WRITE;
/*!40000 ALTER TABLE `loitsut_items` DISABLE KEYS */;
INSERT INTO `loitsut_items` VALUES (1,1,NULL,0,1,'2019-06-07 12:20:41','2019-01-07 10:14:52',1),(2,1,NULL,0,1,'2019-06-07 11:56:09','2019-03-27 08:24:35',1),(3,1,NULL,0,1,'2019-06-07 11:57:20','2019-03-28 13:26:29',1),(4,NULL,NULL,0,1,'2019-06-07 11:58:36','2019-03-29 09:26:48',1),(5,NULL,NULL,0,1,'2019-06-07 11:59:44','2019-03-29 11:19:28',1),(6,NULL,NULL,0,1,'2019-06-07 12:00:58','2019-04-02 07:46:31',1),(7,NULL,NULL,0,1,'2019-06-07 12:02:11','2019-04-03 07:35:54',1),(8,NULL,NULL,0,1,'2019-06-07 12:03:28','2019-04-15 07:04:20',1),(9,NULL,NULL,0,1,'2019-06-07 12:04:42','2019-04-15 09:53:16',1);
/*!40000 ALTER TABLE `loitsut_items` ENABLE KEYS */;
UNLOCK TABLES;

--
-- Table structure for table `loitsut_keys`
--

DROP TABLE IF EXISTS `loitsut_keys`;
/*!40101 SET @saved_cs_client     = @@character_set_client */;
/*!40101 SET character_set_client = utf8 */;
CREATE TABLE `loitsut_keys` (
  `id` int(11) unsigned NOT NULL AUTO_INCREMENT,
  `user_id` int(11) unsigned NOT NULL,
  `label` varchar(100) COLLATE utf8_unicode_ci NOT NULL,
  `key` char(40) COLLATE utf8_unicode_ci NOT NULL,
  `ip` varbinary(16) DEFAULT NULL,
  `accessed` timestamp NULL DEFAULT NULL,
  PRIMARY KEY (`id`),
  UNIQUE KEY `key` (`key`)
) ENGINE=InnoDB DEFAULT CHARSET=utf8 COLLATE=utf8_unicode_ci;
/*!40101 SET character_set_client = @saved_cs_client */;

--
-- Dumping data for table `loitsut_keys`
--

LOCK TABLES `loitsut_keys` WRITE;
/*!40000 ALTER TABLE `loitsut_keys` DISABLE KEYS */;
/*!40000 ALTER TABLE `loitsut_keys` ENABLE KEYS */;
UNLOCK TABLES;

--
-- Table structure for table `loitsut_options`
--

DROP TABLE IF EXISTS `loitsut_options`;
/*!40101 SET @saved_cs_client     = @@character_set_client */;
/*!40101 SET character_set_client = utf8 */;
CREATE TABLE `loitsut_options` (
  `id` int(10) unsigned NOT NULL AUTO_INCREMENT,
  `name` varchar(200) COLLATE utf8_unicode_ci NOT NULL,
  `value` text COLLATE utf8_unicode_ci,
  PRIMARY KEY (`id`),
  UNIQUE KEY `name` (`name`)
) ENGINE=InnoDB AUTO_INCREMENT=414 DEFAULT CHARSET=utf8 COLLATE=utf8_unicode_ci;
/*!40101 SET character_set_client = @saved_cs_client */;

--
-- Dumping data for table `loitsut_options`
--

LOCK TABLES `loitsut_options` WRITE;
/*!40000 ALTER TABLE `loitsut_options` DISABLE KEYS */;
INSERT INTO `loitsut_options` VALUES (1,'omeka_version','2.5.1'),(14,'admin_theme','default'),(20,'display_system_info','1'),(25,'public_navigation_main','[{\"can_delete\":false,\"uid\":\"\\/loitsut\\/items\\/browse\",\"label\":\"Selaa aineistoja\",\"fragment\":null,\"id\":null,\"class\":null,\"title\":null,\"target\":null,\"accesskey\":null,\"rel\":[],\"rev\":[],\"customHtmlAttribs\":[],\"order\":1,\"resource\":null,\"privilege\":null,\"active\":false,\"visible\":true,\"type\":\"Omeka_Navigation_Page_Mvc\",\"pages\":[],\"action\":\"browse\",\"controller\":\"items\",\"module\":null,\"params\":[],\"route\":\"default\",\"reset_params\":true,\"encodeUrl\":true,\"scheme\":null},{\"can_delete\":false,\"uid\":\"\\/loitsut\\/collections\\/browse\",\"label\":\"Selaa kokoelmia\",\"fragment\":null,\"id\":null,\"class\":null,\"title\":null,\"target\":null,\"accesskey\":null,\"rel\":[],\"rev\":[],\"customHtmlAttribs\":[],\"order\":2,\"resource\":null,\"privilege\":null,\"active\":false,\"visible\":true,\"type\":\"Omeka_Navigation_Page_Mvc\",\"pages\":[],\"action\":\"browse\",\"controller\":\"collections\",\"module\":null,\"params\":[],\"route\":\"default\",\"reset_params\":true,\"encodeUrl\":true,\"scheme\":null}]'),(27,'api_enable',''),(28,'api_per_page','50'),(32,'public_theme','loitsut-yellow'),(47,'archive_repertory_collection_folder','id'),(48,'archive_repertory_collection_prefix',''),(49,'archive_repertory_collection_convert','full'),(50,'archive_repertory_item_folder','id'),(51,'archive_repertory_item_prefix',''),(52,'archive_repertory_item_convert','full'),(53,'archive_repertory_file_convert','full'),(54,'archive_repertory_file_base_original_name','0'),(56,'archive_repertory_move_process','internal'),(57,'archive_repertory_download_max_free_download','30000000'),(58,'archive_repertory_legal_text','<p>I agree with terms of use.</p>'),(60,'simple_pages_filter_page_content','0'),(82,'disable_default_file_validation','0'),(83,'file_extension_whitelist','aac,aif,aiff,asf,asx,avi,bmp,c,cc,class,css,divx,doc,docx,exe,gif,gz,gzip,h,ico,j2k,jp2,jpe,jpeg,jpg,m4a,m4v,mdb,mid,midi,mov,mp2,mp3,mp4,mpa,mpe,mpeg,mpg,mpp,odb,odc,odf,odg,odp,ods,odt,ogg,opus,pdf,png,pot,pps,ppt,pptx,qt,ra,ram,rtf,rtx,swf,tar,tif,tiff,txt,wav,wax,webm,wma,wmv,wmx,wri,xla,xls,xlsx,xlt,xlw,xml,zip'),(84,'file_mime_type_whitelist','application/msword,application/ogg,application/pdf,application/rtf,application/vnd.ms-access,application/vnd.ms-excel,application/vnd.ms-powerpoint,application/vnd.ms-project,application/vnd.ms-write,application/vnd.oasis.opendocument.chart,application/vnd.oasis.opendocument.database,application/vnd.oasis.opendocument.formula,application/vnd.oasis.opendocument.graphics,application/vnd.oasis.opendocument.presentation,application/vnd.oasis.opendocument.spreadsheet,application/vnd.oasis.opendocument.text,application/x-ms-wmp,application/x-ogg,application/x-gzip,application/x-msdownload,application/x-shockwave-flash,application/x-tar,application/zip,audio/aac,audio/aiff,audio/mid,audio/midi,audio/mp3,audio/mp4,audio/mpeg,audio/mpeg3,audio/ogg,audio/wav,audio/wma,audio/x-aac,audio/x-aiff,audio/x-m4a,audio/x-midi,audio/x-mp3,audio/x-mp4,audio/x-mpeg,audio/x-mpeg3,audio/x-mpegaudio,audio/x-ms-wax,audio/x-realaudio,audio/x-wav,audio/x-wma,image/bmp,image/gif,image/icon,image/jpeg,image/pjpeg,image/png,image/tiff,image/x-icon,image/x-ms-bmp,text/css,text/plain,text/richtext,text/rtf,video/asf,video/avi,video/divx,video/mp4,video/mpeg,video/msvideo,video/ogg,video/quicktime,video/webm,video/x-m4v,video/x-ms-wmv,video/x-msvideo,application/xml,text/xml'),(85,'recaptcha_public_key',''),(86,'recaptcha_private_key',''),(87,'html_purifier_is_enabled','1'),(88,'html_purifier_allowed_html_elements','p,br,strong,em,span,div,ul,ol,li,a,h1,h2,h3,h4,h5,h6,address,pre,table,tr,td,blockquote,thead,tfoot,tbody,th,dl,dt,dd,q,small,strike,sup,sub,b,i,big,small,tt,script'),(89,'html_purifier_allowed_html_attributes','*.style,*.class,a.href,a.title,a.target,id'),(99,'archive_repertory_collection_names','a:1:{i:1;s:1:\"1\";}'),(104,'solr_search_host','localhost'),(105,'solr_search_port','8080'),(106,'solr_search_core','/solr/loitsut/'),(152,'universalviewer_append_collections_show','1'),(153,'universalviewer_append_items_show','1'),(154,'universalviewer_max_dynamic_size','50000000'),(155,'universalviewer_licence','http://www.example.org/license.html'),(156,'universalviewer_attribution','Provided by Example Organization'),(157,'universalviewer_class',''),(158,'universalviewer_width','100%'),(159,'universalviewer_height','745px'),(160,'universalviewer_locale','en-GB:English (GB),fr-FR:French'),(161,'universalviewer_iiif_creator','Auto'),(274,'use_square_thumbnail','1'),(275,'fullsize_constraint','800'),(276,'thumbnail_constraint','200'),(277,'square_thumbnail_constraint','200'),(278,'per_page_admin','20'),(279,'per_page_public','10'),(280,'show_empty_elements','0'),(281,'show_element_set_headings','0'),(377,'site_title','Loitsut'),(378,'description',''),(379,'administrator_email','maria.niku@finlit.fi'),(380,'copyright',''),(381,'author',''),(382,'tag_delimiter',','),(383,'path_to_convert','/usr/bin'),(385,'theme_loitsut-yellow_options','a:17:{s:10:\"text_color\";s:7:\"#444444\";s:16:\"background_color\";s:7:\"#FFFFFF\";s:10:\"link_color\";s:7:\"#888888\";s:12:\"button_color\";s:7:\"#000000\";s:17:\"button_text_color\";s:7:\"#FFFFFF\";s:18:\"header_title_color\";s:7:\"#000000\";s:4:\"logo\";N;s:17:\"header_background\";N;s:11:\"footer_text\";s:0:\"\";s:24:\"display_footer_copyright\";s:1:\"0\";s:21:\"display_featured_item\";s:1:\"1\";s:27:\"display_featured_collection\";s:1:\"1\";s:24:\"display_featured_exhibit\";s:1:\"1\";s:21:\"homepage_recent_items\";s:0:\"\";s:13:\"homepage_text\";s:1397:\"<p>1600-luvun noitaoikeudenkäyntien yhteydessä kirjattiin todistusaineistoksi kymmeniä suomenkielisiä loitsuja ja niiden osia. Nämä tekstit ovat tämän edition ydin. Lisäksi mukana on muutamia loitsutekstejä muista lähteistä, ensimmäinen jo vuodelta 1564.</p>\n<p>Loitsuilla on parannettu, suojattu ihmisiä ja eläimiä, varmistettua satoa tai saalista, turvattu omaisuutta ja pidetty huolta suhteista aineelliseen, aineettomaan ja yliluonnolliseen todellisuuteen. Niillä on myös pakotettu rakastumaan, kirottu sekä aiheutettu tauteja ja vahinkoa.</p>\n<p>Tuomiopöytäkirjojen loitsut ovat yllättävän kristillisiä, ja suurinta osaa on käytetyt parantamiseen. Kansanuskon omiin mytologisiin olentoihin vedotaan vain harvoin. Pakon edessä loitsut todennäköisesti pyrittiin antamaan mahdollisimman lyhyinä ja harmittomina versioina. Puhdasoppisuuden ajan Ruotsissa ei kuitenkaan katsottu hyvällä edes Jumalan nimen mainitsemista sopimattomassa yhteydessä – saati Neitsyt Mariaan vetoamista. Jopa luterilaisen rukouksen taianomainen käyttö oli tuomittava teko.</p>\n<p>Editiossa avataan uuden ajan alun loitsujen taustoja ja verrataan niitä myöhempiin aineistoihin. Kustakin loitsusta annetaan kuva alkuperäiskäsikirjoituksesta, puhtaaksikirjoitus sekä oikeustapauksen ja loitsun kommentaari. Yläpalkista löytyy hakumahdollisuuksia sekä lisää taustatietoja.</p>\";s:17:\"item_file_gallery\";s:1:\"1\";s:19:\"use_advanced_search\";s:1:\"1\";}'),(388,'search_record_types','a:4:{s:4:\"Item\";s:4:\"Item\";s:4:\"File\";s:4:\"File\";s:10:\"Collection\";s:10:\"Collection\";s:15:\"SimplePagesPage\";s:15:\"SimplePagesPage\";}'),(390,'archive_repertory_derivative_folders',''),(405,'solr_search_hl','1'),(406,'solr_search_hl_snippets','10'),(407,'solr_search_hl_fragsize','500'),(408,'solr_search_hl_max_analyzed_chars','51200'),(409,'solr_search_facet_sort','count'),(410,'solr_search_facet_limit','25'),(411,'solr_search_display_private_items','1'),(413,'omeka_update','a:2:{s:14:\"latest_version\";s:4:\"2.7\n\";s:12:\"last_updated\";i:1567686306;}');
/*!40000 ALTER TABLE `loitsut_options` ENABLE KEYS */;
UNLOCK TABLES;

--
-- Table structure for table `loitsut_plugins`
--

DROP TABLE IF EXISTS `loitsut_plugins`;
/*!40101 SET @saved_cs_client     = @@character_set_client */;
/*!40101 SET character_set_client = utf8 */;
CREATE TABLE `loitsut_plugins` (
  `id` int(10) unsigned NOT NULL AUTO_INCREMENT,
  `name` varchar(255) COLLATE utf8_unicode_ci NOT NULL,
  `active` tinyint(4) NOT NULL,
  `version` varchar(20) COLLATE utf8_unicode_ci NOT NULL,
  PRIMARY KEY (`id`),
  UNIQUE KEY `name` (`name`),
  KEY `active_idx` (`active`)
) ENGINE=InnoDB AUTO_INCREMENT=6 DEFAULT CHARSET=utf8 COLLATE=utf8_unicode_ci;
/*!40101 SET character_set_client = @saved_cs_client */;

--
-- Dumping data for table `loitsut_plugins`
--

LOCK TABLES `loitsut_plugins` WRITE;
/*!40000 ALTER TABLE `loitsut_plugins` DISABLE KEYS */;
INSERT INTO `loitsut_plugins` VALUES (1,'ArchiveRepertory',1,'2.15.2'),(2,'SimplePages',1,'3.0.8'),(3,'SolrSearch',1,'2.3.0'),(4,'UniversalViewer',1,'2.2.1'),(5,'DublinCoreExtended',1,'2.3');
/*!40000 ALTER TABLE `loitsut_plugins` ENABLE KEYS */;
UNLOCK TABLES;

--
-- Table structure for table `loitsut_processes`
--

DROP TABLE IF EXISTS `loitsut_processes`;
/*!40101 SET @saved_cs_client     = @@character_set_client */;
/*!40101 SET character_set_client = utf8 */;
CREATE TABLE `loitsut_processes` (
  `id` int(10) unsigned NOT NULL AUTO_INCREMENT,
  `class` varchar(255) COLLATE utf8_unicode_ci NOT NULL,
  `user_id` int(10) unsigned NOT NULL,
  `pid` int(10) unsigned DEFAULT NULL,
  `status` enum('starting','in progress','completed','paused','error','stopped') COLLATE utf8_unicode_ci NOT NULL,
  `args` text COLLATE utf8_unicode_ci NOT NULL,
  `started` timestamp NOT NULL DEFAULT '1999-12-31 22:00:00',
  `stopped` timestamp NULL DEFAULT NULL,
  PRIMARY KEY (`id`),
  KEY `user_id` (`user_id`),
  KEY `pid` (`pid`),
  KEY `started` (`started`),
  KEY `stopped` (`stopped`)
) ENGINE=InnoDB AUTO_INCREMENT=43 DEFAULT CHARSET=utf8 COLLATE=utf8_unicode_ci;
/*!40101 SET character_set_client = @saved_cs_client */;

--
-- Dumping data for table `loitsut_processes`
--

LOCK TABLES `loitsut_processes` WRITE;
/*!40000 ALTER TABLE `loitsut_processes` DISABLE KEYS */;
INSERT INTO `loitsut_processes` VALUES (1,'Omeka_Job_Process_Wrapper',1,NULL,'completed','a:1:{s:3:\"job\";s:105:\"{\"className\":\"SolrSearch_Job_Reindex\",\"options\":[],\"createdAt\":\"2019-01-07T12:19:19+02:00\",\"createdBy\":1}\";}','2019-01-07 10:19:19','2019-01-07 10:19:19'),(2,'Omeka_Job_Process_Wrapper',1,NULL,'error','a:1:{s:3:\"job\";s:105:\"{\"className\":\"SolrSearch_Job_Reindex\",\"options\":[],\"createdAt\":\"2019-01-15T08:50:07+02:00\",\"createdBy\":1}\";}','2019-01-15 06:50:07','2019-01-15 06:51:12'),(3,'Omeka_Job_Process_Wrapper',1,NULL,'completed','a:1:{s:3:\"job\";s:105:\"{\"className\":\"SolrSearch_Job_Reindex\",\"options\":[],\"createdAt\":\"2019-01-17T08:36:02+02:00\",\"createdBy\":1}\";}','2019-01-17 06:36:02','2019-01-17 06:37:46'),(4,'Omeka_Job_Process_Wrapper',1,NULL,'completed','a:1:{s:3:\"job\";s:105:\"{\"className\":\"SolrSearch_Job_Reindex\",\"options\":[],\"createdAt\":\"2019-01-17T08:42:33+02:00\",\"createdBy\":1}\";}','2019-01-17 06:42:33','2019-01-17 06:44:18'),(5,'Omeka_Job_Process_Wrapper',1,NULL,'completed','a:1:{s:3:\"job\";s:105:\"{\"className\":\"SolrSearch_Job_Reindex\",\"options\":[],\"createdAt\":\"2019-01-17T08:44:13+02:00\",\"createdBy\":1}\";}','2019-01-17 06:44:13','2019-01-17 06:45:56'),(6,'Omeka_Job_Process_Wrapper',1,NULL,'completed','a:1:{s:3:\"job\";s:105:\"{\"className\":\"SolrSearch_Job_Reindex\",\"options\":[],\"createdAt\":\"2019-01-17T08:45:33+02:00\",\"createdBy\":1}\";}','2019-01-17 06:45:33','2019-01-17 06:47:16'),(7,'Omeka_Job_Process_Wrapper',1,NULL,'completed','a:1:{s:3:\"job\";s:105:\"{\"className\":\"SolrSearch_Job_Reindex\",\"options\":[],\"createdAt\":\"2019-01-17T08:54:46+02:00\",\"createdBy\":1}\";}','2019-01-17 06:54:46','2019-01-17 06:56:31'),(8,'Omeka_Job_Process_Wrapper',1,NULL,'completed','a:1:{s:3:\"job\";s:105:\"{\"className\":\"SolrSearch_Job_Reindex\",\"options\":[],\"createdAt\":\"2019-01-17T08:56:48+02:00\",\"createdBy\":1}\";}','2019-01-17 06:56:48','2019-01-17 06:58:32'),(9,'Omeka_Job_Process_Wrapper',1,NULL,'completed','a:1:{s:3:\"job\";s:105:\"{\"className\":\"SolrSearch_Job_Reindex\",\"options\":[],\"createdAt\":\"2019-01-17T09:00:00+02:00\",\"createdBy\":1}\";}','2019-01-17 07:00:00','2019-01-17 07:00:01'),(10,'Omeka_Job_Process_Wrapper',1,NULL,'completed','a:1:{s:3:\"job\";s:105:\"{\"className\":\"SolrSearch_Job_Reindex\",\"options\":[],\"createdAt\":\"2019-01-17T09:01:06+02:00\",\"createdBy\":1}\";}','2019-01-17 07:01:06','2019-01-17 07:01:06'),(11,'Omeka_Job_Process_Wrapper',1,NULL,'completed','a:1:{s:3:\"job\";s:105:\"{\"className\":\"SolrSearch_Job_Reindex\",\"options\":[],\"createdAt\":\"2019-01-17T09:07:34+02:00\",\"createdBy\":1}\";}','2019-01-17 07:07:34','2019-01-17 07:07:35'),(12,'Omeka_Job_Process_Wrapper',1,NULL,'completed','a:1:{s:3:\"job\";s:105:\"{\"className\":\"SolrSearch_Job_Reindex\",\"options\":[],\"createdAt\":\"2019-01-17T09:13:12+02:00\",\"createdBy\":1}\";}','2019-01-17 07:13:12','2019-01-17 07:13:13'),(13,'Omeka_Job_Process_Wrapper',1,NULL,'completed','a:1:{s:3:\"job\";s:105:\"{\"className\":\"SolrSearch_Job_Reindex\",\"options\":[],\"createdAt\":\"2019-01-17T09:19:31+02:00\",\"createdBy\":1}\";}','2019-01-17 07:19:31','2019-01-17 07:19:32'),(14,'Omeka_Job_Process_Wrapper',1,NULL,'completed','a:1:{s:3:\"job\";s:105:\"{\"className\":\"SolrSearch_Job_Reindex\",\"options\":[],\"createdAt\":\"2019-01-17T09:31:35+02:00\",\"createdBy\":1}\";}','2019-01-17 07:31:35','2019-01-17 07:32:11'),(15,'Omeka_Job_Process_Wrapper',1,NULL,'completed','a:1:{s:3:\"job\";s:105:\"{\"className\":\"SolrSearch_Job_Reindex\",\"options\":[],\"createdAt\":\"2019-01-17T09:40:06+02:00\",\"createdBy\":1}\";}','2019-01-17 07:40:07','2019-01-17 07:40:48'),(16,'Omeka_Job_Process_Wrapper',1,NULL,'completed','a:1:{s:3:\"job\";s:105:\"{\"className\":\"SolrSearch_Job_Reindex\",\"options\":[],\"createdAt\":\"2019-01-17T09:49:01+02:00\",\"createdBy\":1}\";}','2019-01-17 07:49:01','2019-01-17 07:49:25'),(17,'Omeka_Job_Process_Wrapper',1,NULL,'completed','a:1:{s:3:\"job\";s:105:\"{\"className\":\"SolrSearch_Job_Reindex\",\"options\":[],\"createdAt\":\"2019-01-17T09:54:05+02:00\",\"createdBy\":1}\";}','2019-01-17 07:54:05','2019-01-17 07:54:31'),(18,'Omeka_Job_Process_Wrapper',1,NULL,'completed','a:1:{s:3:\"job\";s:105:\"{\"className\":\"SolrSearch_Job_Reindex\",\"options\":[],\"createdAt\":\"2019-01-17T09:56:51+02:00\",\"createdBy\":1}\";}','2019-01-17 07:56:51','2019-01-17 07:56:51'),(19,'Omeka_Job_Process_Wrapper',1,NULL,'completed','a:1:{s:3:\"job\";s:105:\"{\"className\":\"SolrSearch_Job_Reindex\",\"options\":[],\"createdAt\":\"2019-01-17T10:06:16+02:00\",\"createdBy\":1}\";}','2019-01-17 08:06:16','2019-01-17 08:06:17'),(20,'Omeka_Job_Process_Wrapper',1,NULL,'completed','a:1:{s:3:\"job\";s:105:\"{\"className\":\"SolrSearch_Job_Reindex\",\"options\":[],\"createdAt\":\"2019-01-17T10:06:19+02:00\",\"createdBy\":1}\";}','2019-01-17 08:06:19','2019-01-17 08:06:19'),(21,'Omeka_Job_Process_Wrapper',1,NULL,'completed','a:1:{s:3:\"job\";s:105:\"{\"className\":\"SolrSearch_Job_Reindex\",\"options\":[],\"createdAt\":\"2019-01-17T10:10:56+02:00\",\"createdBy\":1}\";}','2019-01-17 08:10:56','2019-01-17 08:10:57'),(22,'Omeka_Job_Process_Wrapper',1,NULL,'completed','a:1:{s:3:\"job\";s:105:\"{\"className\":\"SolrSearch_Job_Reindex\",\"options\":[],\"createdAt\":\"2019-01-17T10:10:58+02:00\",\"createdBy\":1}\";}','2019-01-17 08:10:58','2019-01-17 08:10:59'),(23,'Omeka_Job_Process_Wrapper',1,NULL,'completed','a:1:{s:3:\"job\";s:105:\"{\"className\":\"SolrSearch_Job_Reindex\",\"options\":[],\"createdAt\":\"2019-03-15T08:50:11+02:00\",\"createdBy\":1}\";}','2019-03-15 06:50:11','2019-03-15 06:52:14'),(24,'Omeka_Job_Process_Wrapper',1,NULL,'completed','a:1:{s:3:\"job\";s:105:\"{\"className\":\"SolrSearch_Job_Reindex\",\"options\":[],\"createdAt\":\"2019-03-28T11:16:24+02:00\",\"createdBy\":1}\";}','2019-03-28 09:16:24','2019-03-28 09:16:24'),(25,'Omeka_Job_Process_Wrapper',1,NULL,'completed','a:1:{s:3:\"job\";s:105:\"{\"className\":\"SolrSearch_Job_Reindex\",\"options\":[],\"createdAt\":\"2019-03-28T11:24:37+02:00\",\"createdBy\":1}\";}','2019-03-28 09:24:37','2019-03-28 09:24:37'),(26,'Omeka_Job_Process_Wrapper',1,NULL,'completed','a:1:{s:3:\"job\";s:105:\"{\"className\":\"SolrSearch_Job_Reindex\",\"options\":[],\"createdAt\":\"2019-03-28T11:37:19+02:00\",\"createdBy\":1}\";}','2019-03-28 09:37:19','2019-03-28 09:37:19'),(27,'Omeka_Job_Process_Wrapper',1,NULL,'completed','a:1:{s:3:\"job\";s:105:\"{\"className\":\"SolrSearch_Job_Reindex\",\"options\":[],\"createdAt\":\"2019-04-09T08:14:28+03:00\",\"createdBy\":1}\";}','2019-04-09 05:14:28','2019-04-09 05:14:29'),(28,'Omeka_Job_Process_Wrapper',1,NULL,'completed','a:1:{s:3:\"job\";s:105:\"{\"className\":\"SolrSearch_Job_Reindex\",\"options\":[],\"createdAt\":\"2019-04-09T08:25:53+03:00\",\"createdBy\":1}\";}','2019-04-09 05:25:53','2019-04-09 05:25:53'),(29,'Omeka_Job_Process_Wrapper',1,NULL,'completed','a:1:{s:3:\"job\";s:105:\"{\"className\":\"SolrSearch_Job_Reindex\",\"options\":[],\"createdAt\":\"2019-04-09T08:26:46+03:00\",\"createdBy\":1}\";}','2019-04-09 05:26:46','2019-04-09 05:26:46'),(30,'Omeka_Job_Process_Wrapper',1,NULL,'completed','a:1:{s:3:\"job\";s:105:\"{\"className\":\"SolrSearch_Job_Reindex\",\"options\":[],\"createdAt\":\"2019-04-09T08:44:15+03:00\",\"createdBy\":1}\";}','2019-04-09 05:44:15','2019-04-09 05:44:16'),(31,'Omeka_Job_Process_Wrapper',1,NULL,'completed','a:1:{s:3:\"job\";s:105:\"{\"className\":\"SolrSearch_Job_Reindex\",\"options\":[],\"createdAt\":\"2019-04-09T09:29:51+03:00\",\"createdBy\":1}\";}','2019-04-09 06:29:51','2019-04-09 06:29:52'),(32,'Omeka_Job_Process_Wrapper',1,NULL,'completed','a:1:{s:3:\"job\";s:105:\"{\"className\":\"SolrSearch_Job_Reindex\",\"options\":[],\"createdAt\":\"2019-04-09T09:40:30+03:00\",\"createdBy\":1}\";}','2019-04-09 06:40:30','2019-04-09 06:40:31'),(33,'Omeka_Job_Process_Wrapper',1,NULL,'completed','a:1:{s:3:\"job\";s:102:\"{\"className\":\"Job_SearchTextIndex\",\"options\":[],\"createdAt\":\"2019-06-07T14:54:24+03:00\",\"createdBy\":1}\";}','2019-06-07 11:54:24','2019-06-07 11:54:24'),(34,'Omeka_Job_Process_Wrapper',1,NULL,'completed','a:1:{s:3:\"job\";s:102:\"{\"className\":\"Job_SearchTextIndex\",\"options\":[],\"createdAt\":\"2019-06-07T14:54:37+03:00\",\"createdBy\":1}\";}','2019-06-07 11:54:37','2019-06-07 12:05:56'),(35,'Omeka_Job_Process_Wrapper',1,NULL,'completed','a:1:{s:3:\"job\";s:105:\"{\"className\":\"SolrSearch_Job_Reindex\",\"options\":[],\"createdAt\":\"2019-06-07T15:24:42+03:00\",\"createdBy\":1}\";}','2019-06-07 12:24:42','2019-06-07 12:35:46'),(36,'Omeka_Job_Process_Wrapper',1,NULL,'completed','a:1:{s:3:\"job\";s:105:\"{\"className\":\"SolrSearch_Job_Reindex\",\"options\":[],\"createdAt\":\"2019-06-07T15:25:38+03:00\",\"createdBy\":1}\";}','2019-06-07 12:25:38','2019-06-07 12:25:39'),(37,'Omeka_Job_Process_Wrapper',1,NULL,'completed','a:1:{s:3:\"job\";s:105:\"{\"className\":\"SolrSearch_Job_Reindex\",\"options\":[],\"createdAt\":\"2019-06-07T15:42:40+03:00\",\"createdBy\":1}\";}','2019-06-07 12:42:40','2019-06-07 12:42:40'),(38,'Omeka_Job_Process_Wrapper',1,NULL,'completed','a:1:{s:3:\"job\";s:105:\"{\"className\":\"SolrSearch_Job_Reindex\",\"options\":[],\"createdAt\":\"2019-06-07T15:50:11+03:00\",\"createdBy\":1}\";}','2019-06-07 12:50:11','2019-06-07 12:50:12'),(39,'Omeka_Job_Process_Wrapper',1,NULL,'completed','a:1:{s:3:\"job\";s:105:\"{\"className\":\"SolrSearch_Job_Reindex\",\"options\":[],\"createdAt\":\"2019-06-07T15:50:49+03:00\",\"createdBy\":1}\";}','2019-06-07 12:50:49','2019-06-07 12:50:50'),(40,'Omeka_Job_Process_Wrapper',1,NULL,'completed','a:1:{s:3:\"job\";s:105:\"{\"className\":\"SolrSearch_Job_Reindex\",\"options\":[],\"createdAt\":\"2019-06-07T15:52:05+03:00\",\"createdBy\":1}\";}','2019-06-07 12:52:05','2019-06-07 12:52:05'),(41,'Omeka_Job_Process_Wrapper',1,NULL,'completed','a:1:{s:3:\"job\";s:105:\"{\"className\":\"SolrSearch_Job_Reindex\",\"options\":[],\"createdAt\":\"2019-06-07T15:53:11+03:00\",\"createdBy\":1}\";}','2019-06-07 12:53:11','2019-06-07 12:53:12'),(42,'Omeka_Job_Process_Wrapper',1,NULL,'completed','a:1:{s:3:\"job\";s:105:\"{\"className\":\"SolrSearch_Job_Reindex\",\"options\":[],\"createdAt\":\"2019-09-03T09:27:00+03:00\",\"createdBy\":1}\";}','2019-09-03 06:27:00','2019-09-03 06:27:01');
/*!40000 ALTER TABLE `loitsut_processes` ENABLE KEYS */;
UNLOCK TABLES;

--
-- Table structure for table `loitsut_records_tags`
--

DROP TABLE IF EXISTS `loitsut_records_tags`;
/*!40101 SET @saved_cs_client     = @@character_set_client */;
/*!40101 SET character_set_client = utf8 */;
CREATE TABLE `loitsut_records_tags` (
  `id` int(10) unsigned NOT NULL AUTO_INCREMENT,
  `record_id` int(10) unsigned NOT NULL,
  `record_type` varchar(50) COLLATE utf8_unicode_ci NOT NULL DEFAULT '',
  `tag_id` int(10) unsigned NOT NULL,
  `time` timestamp NOT NULL DEFAULT CURRENT_TIMESTAMP,
  PRIMARY KEY (`id`),
  UNIQUE KEY `tag` (`record_type`,`record_id`,`tag_id`),
  KEY `tag_id` (`tag_id`)
) ENGINE=InnoDB AUTO_INCREMENT=37 DEFAULT CHARSET=utf8 COLLATE=utf8_unicode_ci;
/*!40101 SET character_set_client = @saved_cs_client */;

--
-- Dumping data for table `loitsut_records_tags`
--

LOCK TABLES `loitsut_records_tags` WRITE;
/*!40000 ALTER TABLE `loitsut_records_tags` DISABLE KEYS */;
INSERT INTO `loitsut_records_tags` VALUES (9,2,'Item',6,'2019-03-29 09:30:48'),(10,2,'Item',4,'2019-03-29 09:30:48'),(11,2,'Item',3,'2019-03-29 09:30:48'),(12,5,'Item',7,'2019-03-29 11:19:51'),(13,5,'Item',8,'2019-03-29 11:19:51'),(14,5,'Item',5,'2019-03-29 11:19:51'),(15,5,'Item',9,'2019-03-29 11:19:51'),(16,5,'Item',10,'2019-03-29 11:19:51'),(20,1,'Item',13,'2019-04-09 06:42:22'),(21,1,'Item',2,'2019-04-09 06:42:22'),(22,1,'Item',1,'2019-04-09 06:42:22'),(23,7,'Item',13,'2019-04-09 06:47:05'),(24,7,'Item',14,'2019-04-09 06:47:05'),(25,7,'Item',12,'2019-04-09 06:47:05'),(26,7,'Item',5,'2019-04-09 06:47:05'),(27,8,'Item',13,'2019-04-15 07:04:21'),(28,8,'Item',15,'2019-04-15 07:04:21'),(29,8,'Item',16,'2019-04-15 07:04:21'),(30,8,'Item',17,'2019-04-15 07:04:21'),(31,8,'Item',18,'2019-04-15 07:04:21'),(32,8,'Item',19,'2019-04-15 07:04:21'),(33,9,'Item',13,'2019-04-15 09:53:17'),(34,9,'Item',20,'2019-04-15 09:53:17'),(35,9,'Item',19,'2019-04-15 09:53:17'),(36,9,'Item',21,'2019-04-15 09:53:17');
/*!40000 ALTER TABLE `loitsut_records_tags` ENABLE KEYS */;
UNLOCK TABLES;

--
-- Table structure for table `loitsut_schema_migrations`
--

DROP TABLE IF EXISTS `loitsut_schema_migrations`;
/*!40101 SET @saved_cs_client     = @@character_set_client */;
/*!40101 SET character_set_client = utf8 */;
CREATE TABLE `loitsut_schema_migrations` (
  `version` varchar(16) COLLATE utf8_unicode_ci NOT NULL,
  UNIQUE KEY `unique_schema_migrations` (`version`)
) ENGINE=InnoDB DEFAULT CHARSET=utf8 COLLATE=utf8_unicode_ci;
/*!40101 SET character_set_client = @saved_cs_client */;

--
-- Dumping data for table `loitsut_schema_migrations`
--

LOCK TABLES `loitsut_schema_migrations` WRITE;
/*!40000 ALTER TABLE `loitsut_schema_migrations` DISABLE KEYS */;
INSERT INTO `loitsut_schema_migrations` VALUES ('20100401000000'),('20100810120000'),('20110113000000'),('20110124000001'),('20110301103900'),('20110328192100'),('20110426181300'),('20110601112200'),('20110627223000'),('20110824110000'),('20120112100000'),('20120220000000'),('20120221000000'),('20120224000000'),('20120224000001'),('20120402000000'),('20120516000000'),('20120612112000'),('20120623095000'),('20120710000000'),('20120723000000'),('20120808000000'),('20120808000001'),('20120813000000'),('20120914000000'),('20121007000000'),('20121015000000'),('20121015000001'),('20121018000001'),('20121110000000'),('20121218000000'),('20130422000000'),('20130426000000'),('20130429000000'),('20130701000000'),('20130809000000'),('20140304131700'),('20150211000000'),('20150310141100'),('20150814155100'),('20151118214800'),('20151209103299'),('20151209103300'),('20161209171900'),('20170331084000'),('20170405125800');
/*!40000 ALTER TABLE `loitsut_schema_migrations` ENABLE KEYS */;
UNLOCK TABLES;

--
-- Table structure for table `loitsut_search_texts`
--

DROP TABLE IF EXISTS `loitsut_search_texts`;
/*!40101 SET @saved_cs_client     = @@character_set_client */;
/*!40101 SET character_set_client = utf8 */;
CREATE TABLE `loitsut_search_texts` (
  `id` int(10) unsigned NOT NULL AUTO_INCREMENT,
  `record_type` varchar(30) COLLATE utf8_unicode_ci NOT NULL,
  `record_id` int(10) unsigned NOT NULL,
  `public` tinyint(1) NOT NULL,
  `title` mediumtext COLLATE utf8_unicode_ci,
  `text` longtext COLLATE utf8_unicode_ci NOT NULL,
  PRIMARY KEY (`id`),
  UNIQUE KEY `record_name` (`record_type`,`record_id`),
  FULLTEXT KEY `text` (`text`)
) ENGINE=MyISAM AUTO_INCREMENT=12 DEFAULT CHARSET=utf8 COLLATE=utf8_unicode_ci;
/*!40101 SET character_set_client = @saved_cs_client */;

--
-- Dumping data for table `loitsut_search_texts`
--

LOCK TABLES `loitsut_search_texts` WRITE;
/*!40000 ALTER TABLE `loitsut_search_texts` DISABLE KEYS */;
INSERT INTO `loitsut_search_texts` VALUES (1,'Item',1,1,'Tulen sanat, Vaasa 1657','Kerttu Nätyri palohaava tuli Tulen sanat, Vaasa 1657 <strong>Kuvat ja digitointi</strong>: Kansallisarkisto <strong>Transkriptio</strong>: Lari Ahokas Kansallisarkisto, Raastuvanoikeuksien renovoidut tuomiokirjat, Vaasan raastuvanoikeus, V:1, tuomiokirja 1650–1659, 26.8.1657, s.n., [360] r. 16–24 Suomalaisen Kirjallisuuden Seura 1657-08-26 Suomalaisen Kirjallisuuden Seura <strong>Kuvat</strong>: Kansallisarkisto suomi, svenska vaasa1657 Kerttu Nätyrin (Gertrudh Nätyr) sanelema palovammojen parantamiseen tarkoitettu <span style=\"font-style:italic;\">Tulen sanat</span> oli ensimmäinen hänen oikeudessa esittämistään loitsuista. Se koostuu tulen syntymyytistä, jossa ensimmäinen tuli isketään taivaassa ja kirpoaa läpi taivaan kannen. Nätyri kertoi oikeudenkäynnissä peräkkäin neljä loitsua eri vaivoihin. Kaikki loitsut tuli aloittaa pyhän kolminaisuuden nimeen ja yleensä lopettaa kalevalamittaisilla <span style=\"font-style:italic;\">Voiteen luvulla</span> (\"Tule Jeesus ilman herra..\") sekä <span style=\"font-style:italic;\">Isä meidän</span> -rukouksella. Seuraavana vuonna Nätyriltä tallennettiin todisteeksi vielä kolme loitsua lisää. Hänet tuomittiin kolmen muun naisen kanssa kuukaudeksi vankeuteen ja puolen vuoden pakkotyöhön. <strong>Kommentaari</strong>: Senni Timonen, Kati Kallio, Lari Ahokas <a href=\"http://digi.narc.fi/digi/view.ka?kuid=11824928\">http://digi.narc.fi/digi/view.ka?kuid=11824928</a> <strong>Transkriptio ja kommentaari</strong>: tekijät/SKS loitsu TEI <p><strong>Oikeudenkäynti- tai muistiinpanopaikka</strong>: Vaasa</p>\n<p><strong>Muistiinpanon tuottanut instituutio</strong>: Vaasan raastuvanoikeus</p>\n<p><strong>Esittäjän nimet tutkimuskirjallisuudessa</strong>: Kerttu Nätyri; Kerttu Naturi</p>\n<p><strong>Esittäjän nimi tässä asiakirjassa</strong>: Gertrudh Nätyri</p>\n<p><strong>Esittäjän nimet asiakirjoissa</strong>: Gertrudh Nätyri, Giertrudh Nätyr, Gertrudh Nätur, Giertrudh Nätur</p>\n<p><strong>Esittäjän kotipaikka tässä asiakirjassa</strong>: Vähäkyrö, Selkämäki</p>\n<p><strong>Esittäjän kotipaikat eri lähteissä</strong>: Vähäkyrö, Ojaniemi; Vähäkyrö, Selkämäki</p>\n<p><strong>Esittäjän syntymäpaikka</strong>: Kalajoki</p>\n<p><strong>Esittäjän ammatti tai asema</strong>: löskona (irtolainen/itsellinen), (parantaja)</p>\n<p><strong>Syytetyn tai epäillyn nimi</strong>: Margareta Persdotter Parkoinen (Marketta Parkoinen)</p>\n<p><strong>Syytenimike</strong>: noituus</p>\n<p><strong>Esittäjän rooli oikeudenkäynnissä</strong>: todistaja</p> 2018-11-29 2019-01-28 <a href=\"https://creativecommons.org/licenses/by-sa/4.0/\">CC BY-SA 4.0</a> XML/TEI 5 Vaasa http://kalevala-dev.ngrok.io/loitsut/items/show/1 http://kalevala-dev.ngrok.io/loitsut/items/show/3 TEI '),(2,'Item',2,1,'Voiteen sanat, Narva 1615','Birgitta Kristuksen veri Marian Maito Voiteen sanat, Narva 1615 <p>Suomalainen vääpelin vaimo Birgitta haastettiin huhtikuussa 1615 Narvassa käräjille, koska Johann Watzonin leski syytti tämän sairastuttaneen tyttärensä lapsen ja toisen tyttärensä. Seitsemän todistajan lausunnot toistivat samaa: Birgitta tuli pyytämään olutta, ja kun sitä ei annettu, hän sairastutti jonkun talon väestä. Kiellettyään pitkään syyllisyytensä Birgitta lopulta tunnusti teot ja antoi sanat (\"Formalien\"), joita hän oli noituudessaan käyttänyt. Kyseessä on yksinkertaisen <i>Voiteen luvun </i>varhaisin suomenkielinen tallenne. Birgitta poltettiin roviolla 5.5.1615.</p> <p><strong>Oikeudenkäynti- tai muistiinpanopaikka</strong>: Narva</p>\n<p><strong>Muistiinpanon tuottanut instituutio</strong>: Narvan raastuvanoikeus</p>\n<p><strong>Esittäjän nimet tutkimuskirjallisuudessa</strong>: Birgitta; Brigitta</p>\n<p><strong>Esittäjän nimet asiakirjoissa</strong>: Birgitta</p>\n<p><strong>Esittäjän kotipaikka tässä asiakirjassa</strong>: Narva</p>\n<p><strong>Esittäjän kotipaikat eri lähteissä</strong>: Narva</p>\n<p><strong>Esittäjän ammatti tai asema</strong>: vääpelin (Wachtmeister) vaimo</p>\n<p><strong>Syytetyn tai epäillyn nimi</strong>: Birgitta</p>\n<p><strong>Syytenimike</strong>: noituus</p>\n<p><strong>Esittäjän rooli oikeudenkäynnissä</strong>: syytetty</p> <strong>Kuvat ja digitointi</strong>: Kansallisarkisto <p><strong>Transkriptio</strong>: Lari Ahokas</p> <strong>Kommentaari</strong>: Senni Timonen, Kati Kallio, Lari Ahokas Tartu, Rahvusarhiiv: Narva magistraat: Kolleegium: Kantselei : Protokollid: EAA 1646.1.74 Протоколы 1603–1622, s. 359 Suomalaisen Kirjallisuuden Seura 1615-05-02 - 1615-04-28 Suomalaisen Kirjallisuuden Seura <strong>Kuvat</strong>: Kansallisarkisto <strong>Transkriptio ja kommentaari</strong>: tekijät/SKS TEI suomi, Deutsch loitsu narva1657 2019-02-18 <a href=\"https://creativecommons.org/licenses/by-sa/4.0/\">CC BY-SA 4.0</a> XML/TEI 5 http://kalevala-dev.ngrok.io/loitsut/items/show/2 http://kalevala-dev.ngrok.io/loitsut/items/show/4 Narva TEI '),(3,'Item',3,1,'Tuomiopöytäkirja, Vaasa 1657','Tuomiopöytäkirja, Vaasa 1657 <p>Vaasan raastuvanoikeuteen 26.8.1657 oli kutsuttu todistajaksi Gertrudh Nätyri (Kerttu Nätyri) noituudesta syytetyn kerjäläisnaisen Margareta (Marketta) Persdotter Parkoisen ilmiannon perusteella. Nätyriltä kirjoitettiin tähän pöytäkirjaan neljä loitsua (<a href=\"http://kalevala-dev.ngrok.io/loitsut/items/show/1\" target=\"_blank\" rel=\"noreferrer\">Tulen sanat, Vaasa 1657</a>; <a href=\"http://kalevala-dev.ngrok.io/loitsut/items/show/7\" target=\"_blank\" rel=\"noreferrer\">Raudan sanat, Vaasa 1657</a>; <a href=\"http://kalevala-dev.ngrok.io/loitsut/items/show/9\" target=\"_blank\" rel=\"noreferrer\">Maasta tarttuu, Vaasa 1657</a>; <a href=\"http://kalevala-dev.ngrok.io/loitsut/items/show/8\" target=\"_blank\" rel=\"noreferrer\">Kirot, Vaasa 1657</a>) ja jatkokäsittelyssä seuraavana vuonna kolme näiden toisintoa. Oikeusprosessista, joka jatkui syksyyn 1658, tuli poikkeuksellisen pitkä ja laaja-alainen. Syytettyjä oli lopulta yli tusina, ja kaksi heistä tuomittiin kuolemaan, muut pienempiin rangaistuksiin. Koko oikeustapauksesta tarkemmin: Vaasa-Isokyrö-Vähäkyrö 1657–1658.</p> <p><strong>Oikeudenkäynti- tai muistiinpanopaikka</strong>: Vaasa</p>\n<p><strong>Muistiinpanon tuottanut instituutio</strong>: Vaasan raastuvanoikeus</p>\n<p><strong>Esittäjän nimet tutkimuskirjallisuudessa</strong>: Kerttu Nätyri; Kerttu Naturi</p>\n<p><strong>Esittäjän nimi tässä asiakirjassa</strong>: Gertrudh Nätyri</p>\n<p><strong>Esittäjän nimet asiakirjoissa</strong>: Gertrudh Nätyri, Giertrudh Nätyr, Gertrudh Nätur, Giertrudh Nätur</p>\n<p><strong>Esittäjän kotipaikka tässä asiakirjassa</strong>: Vähäkyrö, Selkämäki</p>\n<p><strong>Esittäjän kotipaikat eri lähteissä</strong>: Vähäkyrö, Ojaniemi; Vähäkyrö, Selkämäki</p>\n<p><strong>Esittäjän syntymäpaikka</strong>: Kalajoki</p>\n<p><strong>Esittäjän ammatti tai asema</strong>: löskona (irtolainen/itsellinen), (parantaja)</p>\n<p><strong>Syytetyn tai epäillyn nimi</strong>: Margareta Persdotter Parkoinen (Marketta Parkoinen)</p>\n<p><strong>Syytenimike</strong>: noituus</p>\n<p><strong>Esittäjän rooli oikeudenkäynnissä</strong>: todistaja</p> <strong>Kuvat ja digitointi</strong>: Kansallisarkisto <strong>Transkriptio</strong>: Lari Ahokas <strong>Kommentaari</strong>: Lari Ahokas Kansallisarkisto, Raastuvanoikeuksien renovoidut tuomiokirjat, Vaasan raastuvanoikeus, V:1, tuomiokirja 1650–1659, 26.8.1657, s.n., [360] r. 16–24 <a href=\"http://digi.narc.fi/digi/view.ka?kuid=11824928\">http://digi.narc.fi/digi/view.ka?kuid=11824928</a> Suomalaisen Kirjallisuuden Seura 1657-08-26 Suomalaisen Kirjallisuuden Seura <strong>Kuvat</strong>: Kansallisarkisto <strong>Transkriptio ja kommentaari</strong>: tekijät/SKS http://kalevala-dev.ngrok.io/loitsut/items/show/1 TEI suomi, svenska käräjäpöytäkirja vaasa1657-kp 2018-11-29 2019-01-28 <a href=\"https://creativecommons.org/licenses/by-sa/4.0/\">CC BY-SA 4.0</a> XML/TEI 5 Vaasa http://kalevala-dev.ngrok.io/loitsut/items/show/3 TEI '),(4,'SimplePagesPage',2,1,'Ohjeet','Ohjeet <h5 style=\"margin-bottom: 1em;\">Etusivu ja loitsujen selaaminen</h5>\r\n<p>Etusivulla oikealla on n&auml;kyvill&auml; kolme esimerkkiloitsua sek&auml; n&auml;iden alla linkki loitsujen selailuun. Vaihtoehtoinen tapa loitsujen selailuun on sivu alalaidan avainsanaluettelo. Luettelossa avainsanan koko n&auml;ytt&auml;&auml; sen yleisyyden. Klikkaamalla tietty&auml; avainsanaa p&auml;&auml;see selaamaan loitsuja, joissa kyseinen avainsana esiintyy.</p>\r\n<p>Loitsuja p&auml;&auml;see selaamaan my&ouml;s yl&auml;palkin \"Loitsut\"-linkist&auml;. Vasemmanpuoleinen v&auml;lilehti listaa kaikki kokoelman loitsut. Kunkin loitsun kohdalla on n&auml;kyvill&auml; my&ouml;s loitsuun liitetyt avainsanat, joista p&auml;&auml;see suoraan muihin samoja avainsanoja sis&auml;lt&auml;viin loitsuihin.</p>\r\n<p>Kaikkia avainsanoja voi selata keskimm&auml;isess&auml; v&auml;lilehdess&auml;.</p>\r\n<p style=\"margin-bottom: 1.5em;\">Oikeanpuolimmaisella v&auml;lilehdell&auml; voi tehd&auml; hakuja. Vapaatekstihaku hakee etsitty&auml; termi&auml; kaikista metatietokentist&auml;. Hakua voi kaventaa valitsemalla \"Kohdista haku kentt&auml;&auml;n\"-kohdan ensimm&auml;isest&auml; pudotusvalikosta kentt&auml; ja toisesta pudotusvalikosta hakutyyppi.</p>\r\n<h5 style=\"margin-bottom: 1em;\">Loitsun&auml;kym&auml;</h5>\r\n<p>Loitsun&auml;kym&auml;sivulla (esim. Tulen sanat, http://kalevala-dev.ngrok.io/loitsut/items/show/1) on loitsun esittelyteksti ja sen alla kolmisarakkeinen n&auml;kym&auml;.</p>\r\n<p>Vasemmanpuoleisessa sarakkeessa on faksimilekuva, jossa loitsun sis&auml;lt&auml;m&auml; kohta on merkitty punaisella kehyksell&auml;. Kuvaa voi suurentaa ja pienent&auml;&auml; hiiren vasemman painikkeen kaksoisnapautuksella. Kuvan&auml;kym&auml;n oikeassa laidassa n&auml;kyv&auml;n \"metatiedot\"-otsikon napauttaminen tuo n&auml;kyville loitsun metatiedot.</p>\r\n<p>Keskimm&auml;isess&auml; sarakkeessa on loitsun transkriptio. Kohdat, joihin liittyy kommentaareja, on merkitty punaisilla numeroilla. Numeron napauttaminen tuo esiin kommentaarin sis&auml;ll&ouml;n oikeanpuoleisessa sarakkeessa otsikon \"Yksityiskohdat\" alla. Kohdat, joihin liittyy Lyhyempi&auml; huomautuksia kuten lyhenteiden aukikirjoituksia, n&auml;kyv&auml;t transkriptiossa maalattuina. Huomatuksen saa n&auml;kyville viem&auml;ll&auml; hiiren osoittimen maalatun sanan kohdalle.</p>\r\n<p>Oikeanpuoleinen sarake on valittu kommentaarisis&auml;ll&ouml;lle. Eri osiot saa avattua napauttamalla otsikoiden vieress&auml; n&auml;kyvi&auml; \"avaa\"-linkkej&auml;.</p>\r\n<p style=\"margin-bottom: 1.5em;\">Verkkojulkaisu sis&auml;lt&auml;&auml; loitsujen lis&auml;ksi transkriptiot oikeustapauksista, joihin loitsut liittyv&auml;t. N&auml;it&auml; p&auml;&auml;see lukemaan napauttamalla \"Koko p&ouml;yt&auml;kirja\"-linkki&auml; kolmisaraken&auml;kym&auml;n oikeassa yl&auml;kulmassa. P&ouml;yt&auml;kirja avautuu omaan v&auml;lilehteens&auml;.</p>\r\n<h5 style=\"margin-bottom: 1em;\">Oikeusp&ouml;yt&auml;kirjan&auml;kym&auml;</h5>\r\n<p style=\"margin-bottom: 1.5em;\">P&ouml;yt&auml;kirja on muuten samanlainen kuin loitsun&auml;kym&auml;, mutta transkription rivit on numeroitu ja transkriptioihin ei liity kommentaarisis&auml;lt&ouml;&auml; yksityiskohtia koskevien kommentaarien lis&auml;ksi. Yksityiskohtia koskevat kommentaarit toimivat samoin kuin loitsun&auml;kym&auml;ss&auml;.</p>\r\n<h5 style=\"margin-bottom: 1em;\">Vapaatekstihaku</h5>\r\n<p>Yl&auml;palkin oikean laidan hakukentt&auml; liittyy vapaatekstihakuun, joka kattaa metatiedot, loitsujen ja oikeusp&ouml;yt&auml;kirjojen transkriptiot sek&auml; kommentaarit. Haun katkaisumerkki on t&auml;hti (*) ja sumean haun merkki (~). Pitempi&auml; fraaseja voi hakea k&auml;ytt&auml;m&auml;ll&auml; kaksoislainausmerkkej&auml;.</p>\r\n<p><span style=\"font-style: italic;\">hakutermi</span>* = sana alkaa hakutermill&auml;<br /> *<span style=\"font-style: italic;\">hakutermi</span> = sana p&auml;&auml;ttyy hakutermiin<br /> *<span style=\"font-style: italic;\">hakutermi</span> = hakutermi esiintyy sanan keskell&auml;<br /> <span style=\"font-style: italic;\">hakutermi</span>~ = sumea haku, hakutulokset eroavat termist&auml; miten monella merkill&auml; tahansa<br /> <span style=\"font-style: italic;\">hakutermi</span>~1 = sumea haku, hakutulokset eroavat termist&auml; enint&auml;&auml;n yhdell&auml; merkill&auml;<br /> <span style=\"font-style: italic;\">hakutermi</span>~2 = sumea haku, hakutulokset eroavat termist&auml; enint&auml;&auml;n kahdella merkill&auml;<br /> <span style=\"font-style: italic;\">hakutermi1</span> <span style=\"font-style: italic;\">hakutermi2</span> = jompikumpi termeist&auml; esiintyy hakutuloksessa<br /> (<span style=\"font-style: italic;\">hakutermi1</span> AND <span style=\"font-style: italic;\">hakutermi2</span>) = molemmat hakutermit esiintyv&auml;t hakutuloksessa</p> '),(5,'Item',4,1,'Tuomiopöytäkirja, Narva 1615','Tuomiopöytäkirja, Narva 1615 Suomalainen vääpelin vaimo Birgitta haastettiin huhtikuussa 1615 Narvassa käräjille, koska Johann Watzonin leski syytti tämän sairastuttaneen tyttärensä lapsen ja toisen tyttärensä. Seitsemän todistajan lausunnot toistivat samaa: Birgitta tuli pyytämään olutta, ja kun sitä ei annettu, hän sairastutti jonkun talon väestä. Kiellettyään pitkään syyllisyytensä Birgitta lopulta tunnusti teot ja antoi sanat (\"Formalien\"), joita hän oli noituudessaan käyttänyt. Kyseessä on yksinkertaisen <i>Voiteen luvun </i>varhaisin suomenkielinen tallenne. Birgitta poltettiin roviolla 5.5.1615. <p><strong>Oikeudenkäynti- tai muistiinpanopaikka</strong>: Narva</p>\n<p><strong>Muistiinpanon tuottanut instituutio</strong>: Narvan raastuvanoikeus</p>\n<p><strong>Esittäjän nimet tutkimuskirjallisuudessa</strong>: Birgitta; Brigitta</p>\n<p><strong>Esittäjän nimet asiakirjoissa</strong>: Birgitta</p>\n<p><strong>Esittäjän kotipaikka tässä asiakirjassa</strong>: Narva</p>\n<p><strong>Esittäjän kotipaikat eri lähteissä</strong>: Narva</p>\n<p><strong>Esittäjän ammatti tai asema</strong>: vääpelin (Wachtmeister) vaimo</p>\n<p><strong>Syytetyn tai epäillyn nimi</strong>: Birgitta</p>\n<p><strong>Syytenimike</strong>: noituus</p>\n<p><strong>Esittäjän rooli oikeudenkäynnissä</strong>: syytetty</p> <strong>Kuvat ja digitointi</strong>: Kansallisarkisto <strong>Transkriptio</strong>: Lari Ahokas <strong>Kommentaari</strong>: Senni Timonen, Kati Kallio, Lari Ahokas Tartu, Rahvusarhiiv: Narva magistraat: Kolleegium: Kantselei : Protokollid: EAA 1646.1.74 Протоколы 1603–1622, s. 359 Suomalaisen Kirjallisuuden Seura 1615-04-28 - 1615-05-02 Suomalaisen Kirjallisuuden Seura <strong>Kuvat</strong>: Kansallisarkisto <strong>Transkriptio ja kommentaari</strong>: tekijät/SKS http://kalevala-dev.ngrok.io/loitsut/items/show/2 http://kalevala-dev.ngrok.io/loitsut/items/show/4 TEI suomi, Deutsch käräjäpöytäkirja narva1657-pk 2019-02-18 <a href=\"https://creativecommons.org/licenses/by-sa/4.0/\">CC BY-SA 4.0</a> TEI/XML5 Narva '),(6,'Item',5,1,'Puun sanat, Kokkola 1656','lääke parannusloitsu parannustaika parantaminen puu Puun sanat, Kokkola 1656 Alaveteliläinen Dordi Andersdotter paljasti taikuudesta syytettynä parantavan nesteen valmistuksen ja tähän liittyvän erilaisia puita mainitsevan loitsun. Hän kertoi keittävänsä yhdeksän puun kappaleita vedessä ja käyttävänsä tätä vettä sekä lyhyttä loitsua erilaisten sairauksien parantamiseen. Myöhemmissä loitsuaineistoissa teema esiintyy myös pidemmissä muodoissa.  <p><b>Kuva ja digitointi</b>: Kansallisarkisto</p> <p><b>Transkriptio</b>: Lari Ahokas / SKS</p> <b>Kommentaari</b>: Senni Timonen, Kati Kallio, Lari Ahokas / SKS Kansallisarkisto, Kihlakunnanoikeuksien renovoidut tuomiokirjat, Pohjanmaan tuomiokunta, KO a:9, varsinaisten asioiden pöytäkirjat 1655–1656, Kokkolan talvikäräjät 29.1.1656, f. 427r,9–10. <p><a href=\"http://digi.narc.fi/digi/view.ka?kuid=3709693\">http://digi.narc.fi/digi/view.ka?kuid=3709693</a></p> Suomalaisen Kirjallisuuden Seura 1656-01-29 Suomalaisen Kirjallisuuden Seura <b>Kuva</b>: Kansallisarkisto <p><b>Transkriptio</b>: Lari Ahokas / SKS</p> <p><b>Kommentaari</b>: Senni Timonen, Kati Kallio, Lari Ahokas / SKS</p> http://kalevala-dev.ngrok.io/loitsut/items/show/5 http://kalevala-dev.ngrok.io/loitsut/items/show/6 TEI suomi, svenska loitsu kokkola1656 2019-02-18 <a href=\"https://creativecommons.org/licenses/by-sa/4.0/\">CC BY-SA 4.0</a> XML/TEI5 Kokkola <p><b>Oikeudenkäynti- tai muistiinpanopaikka</b>: Kokkola</p>\n<p><b>Muistiinpanon tuottanut instituutio</b>: Kokkolan kihlakunnanoikeus</p>\n<p><b>Esittäjän nimet tutkimuskirjallisuudessa</b>: Dordi Antintytär</p>\n<p><b>Esittäjän nimi tässä asiakirjassa: </b>Dårdi Andersdåtter</p>\n<p><b>Esittäjän nimet asiakirjoissa</b>: Dordi Andersdotter,</p>\n<p><b>Esittäjän kotipaikka tässä asiakirjassa: </b>Ala-Veteli</p>\n<p><b>Esittäjän kotipaikat eri lähteissä:</b> Ala-Veteli</p>\n<p><b>Esittäjän ammatti tai asema</b>: (parantaja)</p>\n<p><b>Syytetyn tai epäillyn nimi</b>: Dordi Andersdotter</p>\n<p><b>Syytenimike:</b> taikuuden harjoittaminen</p>\n<p><b>Esittäjän rooli oikeudenkäynnissä: </b>syytetty</p>\n<p><b>Loitsua kehystävät kristilliset formulat: </b>Lopussa avunpyyntö Jumalalle</p>\n<p><b>Käytetyt aineet: </b>yhdeksän erilaisen puun palasista keitetty neste</p> '),(7,'Item',6,1,'Tuomiopöytäkirja, Kokkola 1656','Tuomiopöytäkirja, Kokkola 1656 Alaveteliläinen Dordi Andersdotter paljasti taikuudesta syytettynä parantavan nesteen valmistuksen ja tähän liittyvän erilaisia puita mainitsevan loitsun. Hän kertoi keittävänsä yhdeksän puun kappaleita vedessä ja käyttävänsä tätä vettä sekä lyhyttä loitsua erilaisten sairauksien parantamiseen. Myöhemmissä loitsuaineistoissa teema esiintyy myös pidemmissä muodoissa.  <p><b>Oikeudenkäynti- tai muistiinpanopaikka</b>: Kokkola</p>\n<p><b>Muistiinpanon tuottanut instituutio</b>: Kokkolan kihlakunnanoikeus</p>\n<p><b>Esittäjän nimet tutkimuskirjallisuudessa</b>: Dordi Antintytär</p>\n<p><b>Esittäjän nimi tässä asiakirjassa: </b>Dårdi Andersdåtter</p>\n<p><b>Esittäjän nimet asiakirjoissa</b>: Dordi Andersdotter,</p>\n<p><b>Esittäjän kotipaikka tässä asiakirjassa: </b>Ala-Veteli</p>\n<p><b>Esittäjän kotipaikat eri lähteissä:</b> Ala-Veteli</p>\n<p><b>Esittäjän ammatti tai asema</b>: (parantaja)</p>\n<p><b>Syytetyn tai epäillyn nimi</b>: Dordi Andersdotter</p>\n<p><b>Syytenimike:</b> taikuuden harjoittaminen</p>\n<p><b>Esittäjän rooli oikeudenkäynnissä: </b>syytetty</p> <b>Kuva ja digitointi</b>: Kansallisarkisto <b>Transkriptio</b>: Lari Ahokas / SKS <b>Kommentaari</b>: Senni Timonen, Kati Kallio, Lari Ahokas / SKS Kansallisarkisto, Kihlakunnanoikeuksien renovoidut tuomiokirjat, Pohjanmaan tuomiokunta, KO a:9, varsinaisten asioiden pöytäkirjat 1655–1656, Kokkolan talvikäräjät 29.1.1656, f. 427r,9–10. <a href=\"http://digi.narc.fi/digi/view.ka?kuid=3709693\">http://digi.narc.fi/digi/view.ka?kuid=3709693</a> Suomalaisen Kirjallisuuden Seura 1656-01-29 Suomalaisen Kirjallisuuden Seura <b>Kuva</b>: Kansallisarkisto <b>Transkriptio</b>: Lari Ahokas / SKS <b>Kommentaari</b>: Senni Timonen, Kati Kallio, Lari Ahokas / SKS http://kalevala-dev.ngrok.io/loitsut/items/show/5 http://kalevala-dev.ngrok.io/loitsut/items/show/6 TEI suomi, svenska käräjäpöytäkirja kokkola1656-pk 2019-02-18\r\n <a href=\"https://creativecommons.org/licenses/by-sa/4.0/\">CC BY-SA 4.0</a> XML/TEI5 Kokkola '),(8,'Item',7,1,'Raudan sanat, Vaasa 1657','haavat Kerttu Nätyri parantaminen rauta Raudan sanat, Vaasa 1657 <p>Kerttu Nätyrin (Gertrudh Nätyr) teräaseiden iskemien haavojen parantamiseen tarkoitettu loitsu sisältää raudan syntymyytin, jossa rauta syntyy neljän neidon maahan lypsämästä maidosta ja muuttuu vahingoittavaksi ampiaisen vihoista. Nätyri kertoi oikeudenkäynnissä peräkkäin neljä loitsua eri vaivoihin. Kaikki loitsut tuli aloittaa pyhän kolminaisuuden nimeen ja yleensä lopettaa kalevalamittaisilla <i>Voiteen sanoilla</i> (\"Tule Jeesus ilman herra...\") sekä <i>Isä meidän</i> -rukouksella. Seuraavana vuonna Nätyriltä tallennettiin todisteeksi vielä kolme loitsua lisää. Hänet tuomittiin kolmen muun naisen kanssa kuukaudeksi vankeuteen ja puolen vuoden pakkotyöhön.</p> <p><b>Oikeudenkäynti- tai muistiinpanopaikka</b>: Vaasa.</p>\n<p><b>Muistiinpanon tuottanut instituutio</b>: Vaasan raastuvanoikeus</p>\n<p><b>Esittäjän nimet tutkimuskirjallisuudessa</b>: Kerttu Nätyri; Kerttu Naturi</p>\n<p><b>Esittäjän nimi tässä asiakirjassa: </b>Gertrudh Nätyri</p>\n<p><b>Esittäjän nimet asiakirjoissa</b>: Gertrudh Nätyri, Giertrudh Nätyr, Gertrudh Nätur, Giertrudh Nätur</p>\n<p><b>Esittäjän kotipaikka tässä asiakirjassa</b>: Vähäkyrö, Selkämäki</p>\n<p><b>Esittäjän kotipaikat eri lähteissä</b>: Vähäkyrö, Ojaniemi; Vähäkyrö, Selkämäki</p>\n<p><b>Esittäjän syntymäpaikka</b>: Kalajoki</p>\n<p><b>Esittäjän ammatti tai asema</b>: löskona (irtolainen/itsellinen), (parantaja)</p>\n<p><b>Syytetyn tai epäillyn nimi</b>: Margareta Persdotter Parkoinen (Marketta Parkoinen)</p>\n<p><b>Syytenimike</b>: noituus</p>\n<p><b>Esittäjän rooli oikeudenkäynnissä</b>: todistaja</p>\n<p><b>Loitsua kehystävät kristilliset formulat</b>: Isä meidän</p> <p><b>Kuva ja digitointi</b>: Kansallisarkisto</p> <b>Transkriptio</b>: Lari Ahokas, Senni Timonen / SKS <p><b>Kommentaari</b>: Senni Timonen, Kati Kallio, Lari Ahokas / SKS</p> Kansallisarkisto, Raastuvanoikeuksien renovoidut tuomiokirjat, Vaasan raastuvanoikeus, V:1, tuomiokirja 1650–1659, 26.8.1657, s.n., [360] r. 25–29 <p><a href=\"http://digi.narc.fi/digi/view.ka?kuid=11824928\">http://digi.narc.fi/digi/view.ka?kuid=11824928</a></p> Suomalaisen Kirjallisudeen Seura 1657-08-26 Suomalaisen Kirjallisuuden Seura <p><b>Kuva ja digitointi</b>: Kansallisarkisto</p> <p><b>Transkriptio</b>: Lari Ahokas, Senni Timonen / SKS</p> <b>Kommentaari</b>: Senni Timonen, Kati Kallio, Lari Ahokas / SKS http://kalevala-dev.ngrok.io/loitsut/items/show/7 http://kalevala-dev.ngrok.io/loitsut/items/show/3 TEI suomi, svenska loitsu vaasa1657_b 2018-12-04 2019-01-28 <a href=\"https://creativecommons.org/licenses/by-sa/4.0/\">CC BY-SA 4.0</a> XML/TEI5 Vaasa '),(9,'Item',8,1,'Kirot, Vaasa 1657','Kerttu Nätyri loitsu lyriikka rauta-aita taikapiiri tietäjän varautuminen Kirot, Vaasa 1657 <p>Kerttu Nätyrin (Gertrudh Nätyr) sanelema kirouksesta tai noitumisesta aiheutuneen vaivan parannusloitsu kävi ilmi lähes kahden vuoden ajalle jaottuvan oikeudenkäyntien sarjan alkupuolella vuonna 1657. Jeesukselle osoitettu loitsu on omaleimainen yhdistelmä vanhakantaisia tietäjän varaussanoja ja lyyrisiä elementtejä. Nätyri kertoi oikeudenkäynnissä peräkkäin neljä loitsua eri vaivoihin. Kaikki loitsut tuli aloittaa pyhän kolminaisuuden nimeen ja lopettaa kalevalamittaisilla <span style=\"font-style:italic;\">Voiteen sanoilla</span> (\"Tule Jeesus ilman herra...\") sekä <span style=\"font-style:italic;\">Isä meidän</span> -rukouksella. Seuraavana vuonna Nätyriltä tallennettiin todisteeksi vielä kolme loitsua lisää. Hänet tuomittiin kolmen muun naisen kanssa kuukaudeksi vankeuteen ja puolen vuoden pakkotyöhön, mutta tuomio lievennettiin raippa- ja kirkkorangaistukseksi.</p> <p><b>Oikeudenkäynti- tai muistiinpanopaikka</b>: Vaasa</p>\n<p><b>Muistiinpanon tuottanut instituutio</b>: Vaasan raastuvanoikeus</p>\n<p><b>Esittäjän nimet tutkimuskirjallisuudessa</b>: Kerttu Nätyri; Kerttu Naturi</p>\n<p><b>Esittäjän nimi tässä asiakirjassa: </b>Gertrudh Nätyri</p>\n<p><b>Esittäjän nimet asiakirjoissa</b>: Gertrudh Nätyri, Giertrudh Nätyr, Gertrudh Nätur, Giertrudh Nätur</p>\n<p><b>Esittäjän kotipaikka tässä asiakirjassa</b>: Vähäkyrö, Selkämäki</p>\n<p><b>Esittäjän kotipaikat eri lähteissä</b>: Vähäkyrö, Ojaniemi; Vähäkyrö, Selkämäki</p>\n<p><b>Esittäjän syntymäpaikka</b>: Kalajoki</p>\n<p><b>Esittäjän ammatti tai asema</b>: löskona (irtolainen/itsellinen), (parantaja)</p>\n<p><b>Syytetyn tai epäillyn nimi</b>: Margareta Persdotter Parkoinen (Marketta Parkoinen)</p>\n<p><b>Syytenimike</b>: noituus</p>\n<p><b>Esittäjän rooli oikeudenkäynnissä</b>: todistaja</p>\n<p><b>Loitsua kehystävät kristilliset formulat</b>: Isä meidän, trinitaarinen formula</p> <strong>Kuvat ja digitointi</strong>: Kansallisarkisto <strong>Transkriptio</strong>: Lari Ahokas <strong>Kommentaari</strong>: Senni Timonen, Kati Kallio, Lari Ahokas Kansallisarkisto, Raastuvanoikeuksien renovoidut tuomiokirjat, Vaasan raastuvanoikeus, V:1, tuomiokirja 1650–1659, 26.8.1657, s.n., [360] r. 32–36 <a href=\"http://digi.narc.fi/digi/view.ka?kuid=11824928\">http://digi.narc.fi/digi/view.ka?kuid=11824928</a> Suomalaisen Kirjallisuuden Seura 1657-08-26 Suomalaisen Kirjallisuuden Seura <strong>Kuvat</strong>: Kansallisarkisto <strong>Transkriptio ja kommentaari</strong>: tekijät/SKS http://kalevala-dev.ngrok.io/loitsut/items/show/8 http://kalevala-dev.ngrok.io/loitsut/items/show/3 TEI suomi, svenska loitsu vaasa1657_c 2018-11-29 2019-01-30 XML/TEI5 Vaasa <a href=\"https://creativecommons.org/licenses/by-sa/4.0/\">CC BY-SA 4.0</a> '),(10,'Item',9,1,'Maasta tarttuu, Vaasa 1657','Kerttu Nätyri loitsu taika tarttumus maasta Maasta tarttuu, Vaasa 1657 <p>Kerttu Nätyrin (Gertrudh Nätyr) sanelema lyhyt maasta tarttuneen vaivan parannusloitsu, jossa tartunta manataan takaisin siihen pahaan paikkaan, josta se on tullutkin. Loitsun käyttöön kuului myös taika, jossa kipeää paikkaa siveltiin maalla ja palautettiin sitten maa sinne, mistä se oli otettu. Nätyri kertoi oikeudenkäynnissä peräkkäin neljä loitsua eri vaivoihin. Kaikki loitsut tuli aloittaa pyhän kolminaisuuden nimeen ja lopettaa kalevalamittaisilla <span style=\"font-style:italic;\">Voiteen sanoilla</span> (\"Tule Jeesus ilman herra...\") sekä <span style=\"font-style:italic;\">Isä meidän</span> -rukouksella. Seuraavana vuonna Nätyriltä tallennettiin todisteeksi vielä kolme loitsua lisää. Hänet tuomittiin kolmen muun naisen kanssa kuukaudeksi vankeuteen ja puolen vuoden pakkotyöhön.</p> <p><b>Oikeudenkäynti- tai muistiinpanopaikka</b>: Vaasa.</p>\n<p><b>Muistiinpanon tuottanut instituutio</b>: Vaasan raastuvanoikeus</p>\n<p><b>Esittäjän nimet tutkimuskirjallisuudessa</b>: Kerttu Nätyri; Kerttu Naturi</p>\n<p><b>Esittäjän nimi tässä asiakirjassa: </b>Gertrudh Nätyri</p>\n<p><b>Esittäjän nimet asiakirjoissa</b>: Gertrudh Nätyri, Giertrudh Nätyr, Gertrudh Nätur, Giertrudh Nätur</p>\n<p><b>Esittäjän kotipaikka tässä asiakirjassa</b>: Vähäkyrö, Selkämäki</p>\n<p><b>Esittäjän kotipaikat eri lähteissä</b>: Vähäkyrö, Ojaniemi; Vähäkyrö, Selkämäki</p>\n<p><b>Esittäjän syntymäpaikka</b>: Kalajoki</p>\n<p><b>Esittäjän ammatti tai asema</b>: löskona (irtolainen/itsellinen), (parantaja)</p>\n<p><b>Syytetyn tai epäillyn nimi</b>: Margareta Persdotter Parkoinen (Marketta Parkoinen)</p>\n<p><b>Syytenimike</b>: noituus</p>\n<p><b>Esittäjän rooli oikeudenkäynnissä</b>: todistaja</p>\n<p><b>Loitsua kehystävät kristilliset formulat</b>: Isä meidän</p>\n<p><b>Käytetyt aineet</b>: voide; maa</p> <strong>Kuvat ja digitointi</strong>: Kansallisarkisto <strong>Transkriptio</strong>: Lari Ahokas <strong>Kommentaari</strong>: Senni Timonen, Kati Kallio, Lari Ahokas Kansallisarkisto, Raastuvanoikeuksien renovoidut tuomiokirjat, Vaasan raastuvanoikeus, V:1, tuomiokirja 1650–1659, 26.8.1657, s.n., [360] r. 30–31 <p><a href=\"http://digi.narc.fi/digi/view.ka?kuid=11824928\">http://digi.narc.fi/digi/view.ka?kuid=11824928</a></p> Suomalaisen Kirjallisuuden Seura 1657-08-26 Suomalaisen Kirjallisuuden Seura <strong>Kuvat</strong>: Kansallisarkisto <strong>Transkriptio ja kommentaari</strong>: tekijät/SKS http://kalevala-dev.ngrok.io/loitsut/items/show/9 http://kalevala-dev.ngrok.io/loitsut/items/show/3 TEI suomi, svenska loitsu vaasa1657_d 2018-11-29 2019-01-28 <a href=\"https://creativecommons.org/licenses/by-sa/4.0/\">CC BY-SA 4.0</a> XML/TEI5 Vaasa '),(11,'SimplePagesPage',1,1,'Esittely','Esittely <p>This is an example page. Feel free to replace this content, or delete the page and start from scratch.</p> ');
/*!40000 ALTER TABLE `loitsut_search_texts` ENABLE KEYS */;
UNLOCK TABLES;

--
-- Table structure for table `loitsut_sessions`
--

DROP TABLE IF EXISTS `loitsut_sessions`;
/*!40101 SET @saved_cs_client     = @@character_set_client */;
/*!40101 SET character_set_client = utf8 */;
CREATE TABLE `loitsut_sessions` (
  `id` varchar(128) COLLATE utf8_unicode_ci NOT NULL,
  `modified` bigint(20) DEFAULT NULL,
  `lifetime` int(11) DEFAULT NULL,
  `data` blob,
  PRIMARY KEY (`id`)
) ENGINE=InnoDB DEFAULT CHARSET=utf8 COLLATE=utf8_unicode_ci;
/*!40101 SET character_set_client = @saved_cs_client */;

--
-- Dumping data for table `loitsut_sessions`
--

LOCK TABLES `loitsut_sessions` WRITE;
/*!40000 ALTER TABLE `loitsut_sessions` DISABLE KEYS */;
INSERT INTO `loitsut_sessions` VALUES ('007u678rh7tj69egmmo41jdp54',1551097616,1209600,''),('02btjq8k0g3cn7gd7r7qng9q76',1554882593,1209600,_binary 'Default|a:1:{s:8:\"redirect\";s:1:\"/\";}'),('03nrbvigd5b4eg0ah3k1hvsd11',1566045214,1209600,''),('03v3t0mrkntg4lvcon2djjnkp0',1549537847,1209600,''),('04l8v5m9opb1r8gefbp5sk1ai0',1558418599,1209600,''),('04t6n6ib4fr691h6lergac4nt6',1559808594,1209600,''),('0540vu3il344a6imorvt771mh2',1547014613,1209600,''),('082qj5mdkf1d9khg1vulammo56',1546860048,1209600,''),('087dqehqaj42km13ku0di67oa5',1566818503,1209600,''),('088vvf2s5p0ggiip9c466fpef6',1548835481,1209600,''),('0ar761esijtue4mkmloqu8ob67',1567581661,1209600,''),('0b7cnhfl4d8scaj4877ucf4ne3',1565092226,1209600,''),('0bfbrtnht06h2t83k32qe7s2p4',1546843346,1209600,''),('0bjpuurq7rsc1uojnmmgr5l4q3',1558000842,1209600,''),('0dvi4l1mdonj5jsdmhke6sa0s7',1546860310,1209600,''),('0ebsosdfanklb6geiu41jm12a1',1557405320,1209600,''),('0et8a3q95c8kste1ai82ojpng3',1554288311,1209600,''),('0f0te76ar0qsbbsfoounvlavj1',1565699645,1209600,''),('0geuqoltei8o0g352n5qvlmp22',1546859552,1209600,''),('0gv65v2m83v5kjjiongti4al90',1557384052,1209600,''),('0ilr1vf5mdg44phb2v2l8km866',1560414266,1209600,''),('0kvs3hskaffljjpg7ue14spuo0',1549275263,1209600,''),('0l0s4ilo1tjq6t8opld7e2u685',1549372866,1209600,''),('0l7cdh6r3nipjtc2h4n0gqdmr3',1565588932,1209600,''),('0m8jk0066k9skqtn860ks40ej1',1547016117,1209600,''),('0m9oq0du219v2o7blolhavmtp3',1554291908,1209600,_binary 'Default|a:1:{s:8:\"redirect\";s:1:\"/\";}'),('0ne6vbd1325dj7k9v76b8p8b76',1554723805,1209600,''),('0pcnblqtd0pjhaji899ppbub44',1560430322,1209600,''),('0phj3ivv72m8j1attavvii0e40',1558350900,1209600,''),('0pp3rsloqof41a7fcgq2rrhui6',1550644930,1209600,''),('0q3s764f8pbnhp6suc26o5a1u7',1554277517,1209600,''),('0tjvhc1k6qijpbdi8tn4tnhr64',1553846775,1209600,_binary 'Default|a:1:{s:8:\"redirect\";s:1:\"/\";}Zend_Auth|a:1:{s:7:\"storage\";i:1;}OmekaSessionCsrfToken|a:1:{s:5:\"token\";s:32:\"42a712c52fa57acc2642e1aa56905b45\";}'),('0tll4unjq3lhald12oghm9ie26',1557491526,1209600,''),('106nqdhfu3349c2hd8vavmoeu6',1548759288,1209600,''),('10msn773ktceee6d95fjcsheo0',1567687712,1209600,''),('14n680fhktnu6uoea1eetrfob7',1554882831,1209600,''),('156t93h9j2rmdeoblf7kkfe9t1',1550057935,1209600,''),('158dn0gulo3vb20a6vn1b8mem4',1552374381,1209600,''),('16akvln20p1kj3cl7o328g8c91',1558346403,1209600,''),('16rllokq93iub6dqrr3rtfbja0',1555333335,1209600,''),('17l5s1r99gsvrdom4v22r3ash7',1554276607,1209600,''),('199ik9sogj8e4ia73ipcm5f7i0',1550038835,1209600,''),('19hri2gdaqc9i13488t0h7mgj4',1548833097,1209600,''),('1b184uhhsdifjid1iup3spq8t4',1565882857,1209600,''),('1cacuo856ctrpi32c1jdhs9306',1558097431,1209600,''),('1cnj2qhtbi5cu0penlnu3b28b3',1566045217,1209600,''),('1cnv9sb12r3f3bif06c606bff3',1559911925,1209600,''),('1ct5mnseb47opvn85pf1cs9k44',1566891890,1209600,''),('1e3eblag11i25ih0gcmb4ttrd6',1552289535,1209600,''),('1fjtl5ka6ipaiiho06ividodt5',1553676946,1209600,_binary 'Default|a:1:{s:8:\"redirect\";s:13:\"/items/edit/2\";}'),('1g7pe25eb8fsgb7c8oojngbc35',1559549897,1209600,''),('1giihmv279bej0ahap26uqmgp6',1553671246,1209600,''),('1h4ohh58i7l6t1gohsrcqf83k0',1566805992,1209600,''),('1h6u2mbjneufvekc0asf0b8dq1',1547708466,1209600,''),('1j5js1tu6r0otqu9focfvr0sa4',1557736673,1209600,''),('1kli0bm0kt188r489ugskcpn75',1552633185,1209600,''),('1mjsp1r87v7mr5hmqq3l6m1c06',1556949751,1209600,''),('1n3qbpk5uqc7fh6o4asse4uiv4',1566121332,1209600,''),('1ppdcn268vsteddsj05sipgus0',1558285565,1209600,''),('1qh1p122h8cgvo6etk9dok9ml7',1547106201,1209600,''),('1s1uk40n5kvkbb3fp557ame3l5',1549279081,1209600,''),('1t0pqs5t7gi1atrbuqcr441rv5',1567492021,1209600,''),('1tkt728eithrthcdnllj6p57u4',1549351414,1209600,''),('1u222uotdnjk5mqg9fu98o98g2',1560853343,1209600,''),('1ubiqb9e4r29hccf18vqk7ssh5',1558685156,1209600,''),('1vmd1qmjcnfa7dulu2lm9p43j5',1550228507,1209600,''),('207hi63gkfcjbhqtc5s36bhum6',1565766937,1209600,''),('217a17nkrovfnd3feab2658u61',1554791765,1209600,''),('21makk29k70qaej08shrbbije5',1553847098,1209600,''),('21pccupvhk9ghbes570bjb9663',1554882423,1209600,''),('21qveaiddonumf8fp9j9c5p2o1',1554795324,1209600,''),('23rqqb9df4uuv7r7pf2ku9elb5',1557994697,1209600,''),('26h1h2oqicv4m7d7qmi6ufp544',1565896078,1209600,''),('26m1mq8fcqls19e959vnr55dl3',1548829150,1209600,''),('26rhpo5la95ss1vp77jss6vk52',1558959796,1209600,''),('26rtr98slek902h2ln3be6vkk6',1546843346,1209600,_binary 'Default|a:1:{s:8:\"redirect\";s:1:\"/\";}'),('29c68ubluk3h92klmncrke5q42',1554712579,1209600,''),('29n1ctuusilqkbhmvbrfeqn687',1558431570,1209600,''),('2ag9sjac2516fekvk8n887t4v3',1565777924,1209600,''),('2dr0or2bchq3meidthtvkr53s7',1566293698,1209600,''),('2h1umtoik7hhtava51goghgog0',1565186559,1209600,''),('2hviopds4ms02vgpsua71b8624',1557295375,1209600,''),('2i852cn1b451vfe6336aiubop6',1548314925,1209600,_binary 'Default|a:1:{s:8:\"redirect\";s:1:\"/\";}Zend_Auth|a:1:{s:7:\"storage\";i:1;}OmekaSessionCsrfToken|a:1:{s:5:\"token\";s:32:\"45c3a237b504868f5e42d2354863608d\";}'),('2j5e18ab8jhn8shkntg78678r2',1565985289,1209600,''),('2js65u85av6diles33ssp515j2',1558093075,1209600,''),('2kbhse18pfjar81qpstm080rg1',1556531257,1209600,''),('2kqd7q0i195snumeavimim2mb0',1565864028,1209600,''),('2ld8a1i4cjln9bmtdvrhodi3k2',1557310147,1209600,''),('2ltnkii85f5qrj6qklr8fj7ri2',1560858228,1209600,''),('2mh2p8tr1rmi1ifomkkb70q6n1',1565853285,1209600,''),('2misigmrgvj97dr29tdo4gc4v0',1549269509,1209600,''),('2nnjhij0e4jirrct7fsr7np6t6',1551076247,1209600,''),('2onenagvgqo10ejjfgg364b081',1566292060,1209600,''),('2r85brltfiqio8mb7svttj53q3',1556899068,1209600,''),('2sobvr99t0g77vlpgnbrbg1pm2',1557730704,1209600,''),('2uujpciu9mc1k8ii632u52v2n4',1553667041,1209600,''),('317rpp43dg8roq02qdm6fbrh66',1565186561,1209600,''),('31ffd1bhucv1gqiqrpqtjppqc0',1547712377,1209600,''),('32r21vfqlp2h6imtord9d68dc6',1550131814,1209600,''),('332aeusuhip9h8bvinr75ook51',1552631085,1209600,''),('33igr81eeqq795iu18g1jss115',1549974941,1209600,''),('33j3c34nkub78ubsfheqevdrl0',1554877777,1209600,''),('33nfc5itksg9gm8jtuvk42k5e7',1565632850,1209600,''),('33vevaj4tqlg949voorrcel222',1556791306,1209600,''),('345311khnahbqn8pil7dhlp7j1',1558279820,1209600,''),('34s6eh21cahqlbvt8f8l9sig43',1554886361,1209600,''),('36b3r7915rsh8aq630fb67v8j0',1556898706,1209600,''),('36smoihptr5cdage1tabg156s0',1560921904,1209600,''),('37lnm02do0g4l96k0sakt260t2',1550601233,1209600,''),('37ng9nphhfc63ht6kg83l69fu3',1553762671,1209600,''),('3841ivc268a0njlskg6v1jblt3',1557742466,1209600,''),('38b7gv8uq9655vi8is5e4jeic6',1567588585,1209600,''),('38fcokc97u1bk8ehtog4479q12',1567197390,1209600,''),('38k3abi2sclaesk87459e6atk4',1559132600,1209600,''),('38ncusnqf55la4h9k4vd0mon41',1567178339,1209600,''),('3acv5tm361ili3cuqvosgrhcq7',1546858047,1209600,''),('3amj1tjj8tnebf730pmcqa8fm7',1557232692,1209600,''),('3b5othigviuo0l831ds45s1m20',1558192331,1209600,''),('3bv93asuh68vu1ol3aui1k15q2',1550130232,1209600,''),('3c1vij5gc483jllv28f3a2m3l5',1566888141,1209600,''),('3dqo47t2ju92a0mdgesdfvr426',1549435195,1209600,''),('3e0mf9qhfusbg22qp9of3lm247',1553514198,1209600,_binary 'Default|a:1:{s:8:\"redirect\";s:13:\"/items/edit/1\";}'),('3eaf9ph4944oplfqd45ughngq7',1554791165,1209600,''),('3eciu0vlhme2t68iputq2vldd3',1546866766,1209600,''),('3f8uc3elntcp8pv2qr8q4qt632',1565985292,1209600,''),('3fp2n3rulj13qn93u85affvpj6',1554887201,1209600,''),('3i3pffqbe3d93vovnl5bes8cd1',1565330709,1209600,''),('3jduqq8egnn4b81b1toh2ugt46',1566381770,1209600,''),('3l6rpqdub155bjqtmtvm1evk35',1565620637,1209600,''),('3mtahb4ik07sq5nhcmngb5noj4',1558075632,1209600,''),('3oq4rpn2nt4q6u3qhl7ivn5m70',1550663359,1209600,''),('3pedjqev9s0v2fiibcg12ro9g7',1557992023,1209600,''),('3s65ivkuvh8rqmagpeiqmibgh5',1565347726,1209600,''),('3so624gf540b98eu1q7k0sb135',1553756966,1209600,''),('3su0viaugqhgmodndcoh84g9v2',1553502120,1209600,''),('3uat4pi5reb6r3brhj463l4sa6',1554792668,1209600,_binary 'Default|a:1:{s:8:\"redirect\";s:16:\"/items/show/id/7\";}'),('3v02irbs3gal77glav88lfea76',1566455523,1209600,''),('3v1lpoba91352m80h68fpvcsb5',1557232687,1209600,''),('3vm257nt76r69p62bjldpqtt63',1550567789,1209600,''),('41vrq2vfgfg3gh97c794udhr97',1561634872,1209600,''),('43760fdcv0guof82c66p8iq781',1556777171,1209600,''),('43ongn77r7151qjslmkbsoedh7',1550588372,1209600,''),('43u9ng4ai5pr9ln9gd8ns213p1',1552641601,1209600,_binary 'Default|a:1:{s:8:\"redirect\";s:13:\"/items/edit/1\";}Zend_Auth|a:1:{s:7:\"storage\";i:1;}OmekaSessionCsrfToken|a:1:{s:5:\"token\";s:32:\"bde88db07de302be89148b309f2aa626\";}'),('45eejqtlbp68hev0dfgln0mp47',1565896075,1209600,''),('46j5e5tst08nde0t2fn01f87s4',1548754927,1209600,''),('473h2jjekdseks04kmmqbq4s53',1546936876,1209600,''),('47p9aa74cctrmts4fi07flr1i3',1565686282,1209600,''),('49b5tedas5vojqdkkiv0vc3h74',1552640113,1209600,''),('4a3c2hbtp68kosvakj3tunl0h2',1548315593,1209600,''),('4al3psatn20jn7co3257cqn1u4',1551176550,1209600,''),('4bv8blu6t505h2p79i056m6082',1565854459,1209600,''),('4chobk6ubu6n2rnv9h8mjd4d91',1557146353,1209600,''),('4crmbvls8h6vma63oh8aftr8m2',1550596249,1209600,''),('4esmtb25jr8q6sppqb3tmjfe45',1547545205,1209600,''),('4gddhq7eosjdq3v7gkpfarnto3',1565960822,1209600,''),('4gv9bs0i0qr7elahe4eilvma64',1566283678,1209600,''),('4h183n2de4fhh41qfdm1d430g4',1559913465,1209600,_binary 'Default|a:1:{s:8:\"redirect\";s:1:\"/\";}Zend_Auth|a:1:{s:7:\"storage\";i:1;}OmekaSessionCsrfToken|a:1:{s:5:\"token\";s:32:\"e2b8be43595937414881f102972e1fc8\";}'),('4h2rdcq36tlcc8n34gubr6bdo3',1553761265,1209600,_binary 'Default|a:1:{s:8:\"redirect\";s:1:\"/\";}Zend_Auth|a:1:{s:7:\"storage\";i:1;}OmekaSessionCsrfToken|a:1:{s:5:\"token\";s:32:\"7a08e408e3794dfc6ca4e596514d6ad3\";}__ZF|a:2:{s:45:\"Zend_Form_Element_Hash_salt_theme_config_csrf\";a:2:{s:4:\"ENNH\";i:1;s:3:\"ENT\";i:1553764217;}s:43:\"Zend_Form_Element_Hash_salt_appearance_csrf\";a:2:{s:4:\"ENNH\";i:1;s:3:\"ENT\";i:1553764245;}}Zend_Form_Element_Hash_salt_theme_config_csrf|a:1:{s:4:\"hash\";s:32:\"d2cbba183a13844b3e688fa9b2761926\";}Zend_Form_Element_Hash_salt_appearance_csrf|a:1:{s:4:\"hash\";s:32:\"66b76b5b96776f05e51b50cfa481e310\";}'),('4h7d98lgl65lb8kjka5oj75v50',1565677105,1209600,''),('4i1m6ogp0h57c1qn0ddj8o3hc5',1547199552,1209600,''),('4inf5vhtme173ov18hkl06tgk0',1548325105,1209600,''),('4ir75r3amaqmae8ap0vqils1h1',1546860844,1209600,''),('4j4rc9rgl7i9i4ulmvsdn9nfg7',1552631085,1209600,_binary 'Default|a:1:{s:8:\"redirect\";s:1:\"/\";}'),('4jkl9lnil8l7vvs8chjn76cm83',1548678465,1209600,''),('4libcuujult2q9e4uree3lq8u0',1550131814,1209600,_binary 'Default|a:1:{s:8:\"redirect\";s:1:\"/\";}'),('4lk78rt87tgpcreq8bqaf5h2k6',1550057932,1209600,''),('4lprtabfqpor0uddvaa6gm59n2',1550235068,1209600,''),('4mc0v1vach2euc6mhpskuoorr0',1565248286,1209600,''),('4n3c5p8j86anjsimj1kehktpj6',1547014979,1209600,''),('4noeb5htfgblghage1lptbohm3',1567588583,1209600,''),('4nr0n08q7u7oetea5dkbsmrt80',1558122476,1209600,''),('4o1ffonuhnj87m6u4m0obd2dt1',1554801945,1209600,''),('4q8devost0c2fvd3jv9jldg7h3',1558134715,1209600,''),('4qca2vde1nt765r2bf4ima19s2',1566210631,1209600,''),('4qlu7ser1usolv3b38juhvl854',1550085803,1209600,''),('4sfr018qt4tmd9bsmepa76hq76',1567171707,1209600,''),('4snfk2mgd2oni892ufdvrpiho2',1550592569,1209600,''),('4t220p4o8ej54aevqlc45mr2g1',1548678463,1209600,''),('4t3kbu1loudc5dhs3c2ib2osb2',1560751521,1209600,''),('4us5phadbenanmbm9lhpqa9t40',1565777921,1209600,''),('4v8vqj2ekrscu38blfjrqokjq2',1558431567,1209600,''),('4vhnf5o7e41u79f4a3ubo3j0g1',1565344065,1209600,''),('4vqj27g0g31jfhhbrgu5pl06p4',1553846193,1209600,''),('50ctc5uovqsi6cink706i2pko3',1549455970,1209600,''),('50mbkoqbvkik6c4sjqs7r05ta2',1550483629,1209600,''),('50qtaosuc80lkra25hdusvud42',1558942021,1209600,''),('513vlc4trqdbvkcis2d5h9s7k6',1553598102,1209600,''),('51d0hk8ntvuestrvmjddbud314',1547552432,1209600,''),('53llkde7d4vi57t6dt3h0cp2q7',1558331208,1209600,''),('53qpbrtflpole97kfjq3rbvqr0',1546857236,1209600,''),('54runpq5f1nrf4e5trvjnjrkc3',1546867050,1209600,''),('54tj4dt2fpm3pi21f36fhj33j6',1559044228,1209600,''),('55bv27drram6fm7q8pupnh4m76',1558253452,1209600,''),('55mdhiru4377dlcdspaj4vdcu4',1547707636,1209600,''),('57d4gtr4p7q9191am9kschl4r3',1556531254,1209600,''),('57kntp229rt356dfdfnv3ngo82',1555313097,1209600,''),('5845u7t51nh4sb27eiud1siai4',1552642690,1209600,_binary 'Default|a:1:{s:8:\"redirect\";s:16:\"/items/show/id/1\";}Zend_Auth|a:1:{s:7:\"storage\";i:1;}OmekaSessionCsrfToken|a:1:{s:5:\"token\";s:32:\"9d870a17b4ecc26ee495b62c17554660\";}'),('599nu2vgq2gg5j94isgqa0n557',1548666132,1209600,''),('59ac9s0e842nrlkukij8uqtmp7',1549970862,1209600,''),('5bakkpbhj4df48havcp235ih77',1548233288,1209600,''),('5dik1g5uo7d2pnka000se3g5k0',1558084733,1209600,''),('5g80b5is6u1ul8hcpiotgjfm21',1560419444,1209600,''),('5hor4jo8ouvmakdlh1acooasd6',1553858445,1209600,_binary 'Default|a:1:{s:8:\"redirect\";s:13:\"/items/edit/3\";}Zend_Auth|a:1:{s:7:\"storage\";i:1;}OmekaSessionCsrfToken|a:1:{s:5:\"token\";s:32:\"6ec1d5de0dca608519481c0ab2a53d44\";}'),('5hvp2djs1vvggu68pn29lbe987',1558088386,1209600,''),('5j4b1miogj0n7m7jfnngd9l332',1558160710,1209600,''),('5jmke2vsvfvqi9k7v2o5tob315',1548770381,1209600,''),('5kr69ae98q7vheabkv2i92kqm2',1558075635,1209600,''),('5mhpb2afetu9dag0453ib5e5n4',1557306004,1209600,''),('5mrtucqs43slufk3gtll3l7gb0',1558173699,1209600,''),('5nof7l2svifb9q8ffmin16o4i6',1565250499,1209600,''),('5ohnlosji2774dqh0udfp1hv94',1559545506,1209600,''),('5p1drb1c2u64ulo2jpfc01bm72',1551254677,1209600,''),('5pgroku8n3vnvljrgtqtdsk205',1555334190,1209600,''),('5qbo920l75rqpj3kv67bvh56d2',1566035135,1209600,''),('5rrh325cdoagsekj8pqresr7k5',1560938665,1209600,''),('5rugpl6ek5t2o2s5je3m5o6705',1567178342,1209600,''),('5s1bsmoq6cusm5jmflpq2s2ih1',1559031977,1209600,''),('5si54hgsi3locckfjv8g8bmv27',1566104164,1209600,''),('5tjktes1fq8aaivaefft2k96d1',1546934494,1209600,''),('5tsh0nc6u5b6hc0u2q6imquhr3',1546931791,1209600,''),('5ucidi4511eauh1rdngfjpa9g2',1554708951,1209600,''),('5vndj41rvekmas994ini42slp6',1559811567,1209600,''),('5vr476j89vqlf5vvaeq97no130',1552641938,1209600,''),('60nas615k5k2kui1ag75vgip97',1553676946,1209600,''),('623c1hkr6liti5pnip9f70cpo1',1566157163,1209600,''),('62kjlu25t2752erhoujn3a0qv2',1557393455,1209600,''),('62qgkvr7esiejmledfobbcnpd2',1566194718,1209600,''),('642161roh9oab31rr00ap1anr7',1557142285,1209600,''),('650ph80dfbu0p3ggvrt6kv7lb7',1565604453,1209600,''),('666h0t4cnifds2tnsn0ci4g933',1547715150,1209600,''),('66oli2pecpsqv7f4nld33gas33',1565344068,1209600,''),('6810ji2kuhuor259h3nnd9qvv5',1547469338,1209600,''),('696clq0d7jpphchm6qakguabl7',1553756332,1209600,''),('69ah29od1aumjkvj78ql4e0a03',1556533285,1209600,''),('6b1ph9oh6nvmsmhk41c7dfqgd7',1552641735,1209600,''),('6c8sk4j6dkhhqf0egcs7leikq7',1546860670,1209600,''),('6c9g8menra2b83kkur7r3ej345',1554965143,1209600,''),('6ckq8999rj5iptqlhh0mut3td3',1554716334,1209600,''),('6cpo2ckv78eikcp2jj7a2e19u3',1559128729,1209600,''),('6e0kmdsome6025kceih1e35l36',1550139747,1209600,''),('6ep0hfb93u84f7ktdaro8ka2u6',1558084736,1209600,''),('6euhud7g3b4pllbft7u25uirv5',1548672543,1209600,''),('6fqah65pqq20aipmmkn41bjvo1',1546859047,1209600,_binary 'Default|a:1:{s:8:\"redirect\";s:8:\"/plugins\";}Zend_Auth|a:1:{s:7:\"storage\";i:1;}OmekaSessionCsrfToken|a:1:{s:5:\"token\";s:32:\"97d1a82e8ed52fc184a4886f1a13fe5d\";}'),('6hg3n4gopuqrpq0g6pa1uclbj5',1549355103,1209600,''),('6i3h29hvbhf06tom1ip7hammc1',1565762403,1209600,''),('6ijo9jue25tide0r0veenud3u4',1548309889,1209600,''),('6js3cnjsd6ronqovbdm7d2gau1',1558326350,1209600,''),('6lrilknntc7e7a54c24q4pana1',1565871348,1209600,''),('6mr4vce3eu80f04vgqjur4ia07',1547213837,1209600,''),('6p5nrtcqhc3c0c7e87b0v111k6',1565849605,1209600,''),('6pdlp8v6kh1vtgucl9fh57aj74',1550138611,1209600,''),('6qg8tu2jl8c59jc2o306j101t1',1553850993,1209600,_binary 'Default|a:1:{s:8:\"redirect\";s:6:\"/items\";}'),('6qi4h9oo2fiu44j77iqdeseg47',1547710848,1209600,''),('6qme8pcf42akmjm11v19sduns2',1554882593,1209600,''),('6qutk4fdh598da9j33u60q6cj5',1556949747,1209600,''),('6rhbk8hapmeoe4ikc6r4oi3rk6',1565347724,1209600,''),('6romud09in1lupsaf3hi9gvfe2',1559908464,1209600,''),('6tc7c26kci6r61nuh6id0afne2',1565680840,1209600,''),('700p0pgl6f3vlvjadk31mpa766',1548326943,1209600,''),('73nujdie6vb9atlk8ccsp8j9s3',1566299584,1209600,''),('75c28vkk5mmkb5j3orjvupea75',1551168551,1209600,''),('75pef1nir1es8vuh08t1oe4cc7',1561631227,1209600,''),('76fv8d6srpu2sqgnek37tl9j85',1550558809,1209600,''),('76lb0i6belkd9h8rundg5i1m94',1556518685,1209600,''),('76occu4d3balqbafk27m1p6s03',1551875226,1209600,''),('77viha8hoivkup4rfriovqqmh4',1566214465,1209600,''),('79sbgbr8jbjauob35tph9pluv5',1561704307,1209600,''),('7aohg278m5vrcljpr18sobouv2',1546862337,1209600,''),('7arrhfv3bk8jd8caqcmj4qqnq2',1547208317,1209600,''),('7bhpf2lp47pp1ped68kts5h4l1',1559128726,1209600,''),('7cibdl5r2pli4e163qp076orc7',1554791896,1209600,_binary 'Default|a:1:{s:8:\"redirect\";s:20:\"/solr-search/reindex\";}Zend_Auth|a:1:{s:7:\"storage\";i:1;}__ZF|a:1:{s:14:\"FlashMessenger\";a:1:{s:4:\"ENNH\";i:1;}}'),('7eqamubqodb2ikpiv6suvlp016',1547535072,1209600,''),('7f3l0bvuotfbff47reps2h6227',1565864025,1209600,''),('7fa4q8051r8g468o5rrbkpri43',1553763267,1209600,''),('7gkojb42s7uee0vukhv8ljl4b3',1552897203,1209600,''),('7hc97gs0pforgkcgof18giqor3',1551704530,1209600,''),('7i0ti8r8ctuoa4pa9qar6l2122',1567171711,1209600,''),('7lf4k7tieapm0ml9qflepjqrc1',1557228474,1209600,''),('7lf5nlbl48bc53br8nah32nj33',1558097433,1209600,''),('7nfcj208lvjs6jmttrohn3l0j3',1565677108,1209600,''),('7nfrsae8g401dm38sptngaq7q5',1560511749,1209600,''),('7nsrgqb83tpjdd0q745j7ednk5',1546932694,1209600,''),('7pmmqbicostsq1t8nfuigb3hf5',1565159776,1209600,''),('7qm9828b09fc976r4igon3pka1',1549262210,1209600,''),('7r2kg6nv0hkpin0d5bv959jlv5',1561367682,1209600,''),('7rts0r16ecjdrdiqed493o8f16',1552637389,1209600,''),('7s5lu0kuki6t82rrv57h24ve33',1556613678,1209600,''),('7s9i6qf183dq1562jf0lbnfc30',1565762399,1209600,''),('7u38q1g4nru9ondlrgt8ug71n6',1561012993,1209600,''),('7usvi05nk5is49kth3079i50r7',1565905658,1209600,''),('7vmpqvaj0hn463gcb9ql2pst21',1552654788,1209600,''),('80erbvpf0dbge3hco2vivq8qv5',1557985752,1209600,''),('80rm3dbj2vqro9mj54rbod3o14',1565972302,1209600,''),('83vdk22lnq8uc58bh04f7ogia0',1566215694,1209600,''),('85mv699l8k9kah6qq06dtu4ai7',1566375680,1209600,''),('85p0flq45j64ba3re00ta53ma2',1553860900,1209600,''),('87t270tmk2s7lm56bncnq48jv6',1553759066,1209600,_binary 'Default|a:1:{s:8:\"redirect\";s:1:\"/\";}'),('8a5vopgbg048n3fuqs3u3i7i01',1546498079,1209600,_binary 'Default|a:1:{s:8:\"redirect\";s:1:\"/\";}Zend_Auth|a:1:{s:7:\"storage\";i:1;}OmekaSessionCsrfToken|a:1:{s:5:\"token\";s:32:\"c8b7b109d239ac5497139851f37be336\";}__ZF|a:3:{s:41:\"Zend_Form_Element_Hash_salt_settings_csrf\";a:2:{s:4:\"ENNH\";i:1;s:3:\"ENT\";i:1546501020;}s:41:\"Zend_Form_Element_Hash_salt_security_csrf\";a:2:{s:4:\"ENNH\";i:1;s:3:\"ENT\";i:1546501168;}s:45:\"Zend_Form_Element_Hash_salt_theme_config_csrf\";a:2:{s:4:\"ENNH\";i:1;s:3:\"ENT\";i:1546501335;}}Zend_Form_Element_Hash_salt_settings_csrf|a:1:{s:4:\"hash\";s:32:\"08e91b1bc3fde671fbab7cb5c4c84b4e\";}Zend_Form_Element_Hash_salt_security_csrf|a:1:{s:4:\"hash\";s:32:\"d6ca71cececbc0698ef2ea9ddeb8bc8b\";}Zend_Form_Element_Hash_salt_theme_config_csrf|a:1:{s:4:\"hash\";s:32:\"538ad49fe008ead6af32b3fc68aee131\";}'),('8adh3hftu7s71fi6shgr1e4mq6',1566895672,1209600,''),('8bc04k1q8258sileo9ild724n6',1547708401,1209600,''),('8cb5rgs3rtfs07jik508mjl2j2',1566293695,1209600,''),('8cnvfom3pkcrajkt8dn9lh2da0',1559911992,1209600,''),('8e917jdqsd8crj0643k16batm1',1559893654,1209600,_binary 'Default|a:1:{s:8:\"redirect\";s:1:\"/\";}Zend_Auth|a:1:{s:7:\"storage\";i:1;}OmekaSessionCsrfToken|a:1:{s:5:\"token\";s:32:\"1024be7890effc0912d33b3aa3552204\";}'),('8eajr8t6a8q4htrca89ko7pjb0',1552641586,1209600,''),('8eviu86bmbbo3juehc83f39cl5',1555309095,1209600,''),('8fk78vba9rkg73jin4u5p7vbu0',1553519699,1209600,''),('8i187g7ack6lio88u04kohhlo3',1557748369,1209600,''),('8i6ppp9timqf396dbhacp6c7v6',1559545509,1209600,''),('8llqvbropuj5k3qd7b8otte9p7',1558134712,1209600,''),('8o2l9qidkruq6t73enoock0nb7',1547014937,1209600,''),('8p69j2n36p3d6ilqjnvsqscp52',1550608409,1209600,''),('8pqldaedth31mvieu3d1qk4vp0',1558685161,1209600,''),('8q3mana9kkj5v3s25a1d01veu0',1553682874,1209600,''),('8q4d3lmapdrht1lkpn717tmt90',1561021622,1209600,''),('8qughv7lcs3trrh525m8qphtt3',1551254512,1209600,''),('8s3a11bqejr2kl27hn6dntgoe6',1566214462,1209600,''),('8sl5j1v2vk5jpfaihjmaerida6',1550235071,1209600,''),('8tqhj5t2k8420ske8p2qh8vfg6',1554368279,1209600,''),('9229tgr2lk2q26upjla1uclco0',1565686280,1209600,''),('93838a24lprp3gfnhj8krpdqv0',1561036034,1209600,''),('967t7cbgpmfo48c09s5vsl4cm4',1567581666,1209600,''),('96kb899j48vrahv4u75rev0736',1553756104,1209600,''),('97s332ulkii6ukl58ams5qv3o1',1567155452,1209600,''),('98g1473904fa8tg5kdllel1qs4',1548833094,1209600,''),('996ctc1aeanvdg59o8oftg9835',1549970860,1209600,''),('99srqti1h1js6iundc9s0ok645',1557405324,1209600,''),('9a700njmni5ketpru0ajlld2h4',1566371962,1209600,''),('9a7rq8pe9266tq05rlo04n2rl5',1553765839,1209600,''),('9bad24c2i56vn2460ruvhj9h23',1552639309,1209600,''),('9brd7jd19o25qtbaqg3vcj74u5',1550138168,1209600,_binary 'Default|a:1:{s:8:\"redirect\";s:1:\"/\";}Zend_Auth|a:1:{s:7:\"storage\";i:1;}OmekaSessionCsrfToken|a:1:{s:5:\"token\";s:32:\"34239c7106fc5b2fd3a74f177f994cb9\";}'),('9cd3ed67e784kuos2lr1ptmfo5',1558126272,1209600,''),('9cm631ooeltitu7m6hpkl330s6',1558346406,1209600,''),('9e2v4ksilbrr2jabsvgkhp6cg4',1552654787,1209600,_binary 'Default|a:1:{s:8:\"redirect\";s:16:\"/items/show/id/1\";}'),('9f1mtg61gu9ijda90je82v8re7',1552296787,1209600,''),('9f7usecntihjbl05u7po6oaau6',1550648679,1209600,''),('9faqig7653ff2prkjo0u6g9b25',1565266587,1209600,''),('9gcapsah04kar8uj3brnr0ej66',1566029518,1209600,''),('9h15v9smk6clvk0rjmv999era3',1552638599,1209600,''),('9i832pquhe20471ovojhqimgv0',1550146123,1209600,''),('9ipb78ovpe5g64vg6juu7qn5u7',1554708396,1209600,''),('9jrpdiqtmi2uk0nao3h8bi5e33',1547707066,1209600,''),('9lhtiu4mr1q95lhbvbuvgv7l62',1552639070,1209600,''),('9ln5d3q2omjg8jlgme0ikrvc41',1560512901,1209600,''),('9m0s0kuc2j72csphtbb4gpbtq7',1566049654,1209600,''),('9m9gdlc7m9blnrfl00oq6739h2',1554201000,1209600,_binary 'Default|a:1:{s:8:\"redirect\";s:6:\"/items\";}Zend_Auth|a:1:{s:7:\"storage\";i:1;}OmekaSessionCsrfToken|a:1:{s:5:\"token\";s:32:\"b78e2185a19e48b1dcd40d84df3d0546\";}'),('9neghtoc2aiq17mq0gi41evap4',1565088616,1209600,''),('9o0rbbivr61l0u8tc4llfaucu1',1565882854,1209600,''),('9p6igd7u8ckpqn91m1okncno34',1548670697,1209600,''),('9p8j7me7pv67cn9o6c7v79v0s0',1565854456,1209600,''),('9ppetq9fc899ud7682nk0fjo54',1547471176,1209600,''),('9r9r7rjaadehlshneo6srqg0t3',1565890528,1209600,''),('9rhejb7i18naejos0j3tdtq8v5',1554873550,1209600,''),('9s0i6pdk5e0oih7as5t5vt27g4',1550061658,1209600,''),('9takrb4j92shejt9po3aklnl06',1547712955,1209600,''),('9u0htdfi9l4uihlp9gf7ds84f0',1561715267,1209600,''),('a0fncjkf6vrftlhrbgrke0b6j4',1547013647,1209600,_binary 'Default|a:1:{s:8:\"redirect\";s:1:\"/\";}Zend_Auth|a:1:{s:7:\"storage\";i:1;}OmekaSessionCsrfToken|a:1:{s:5:\"token\";s:32:\"a484772ca5afb0a86ff18c16f75c1ac0\";}'),('a0lv76dc1urknra9ctfjvjjrg1',1549974944,1209600,''),('a0p80aqpqq8t7dme73r4d8qt36',1554293004,1209600,_binary 'Default|a:1:{s:8:\"redirect\";s:1:\"/\";}Zend_Auth|a:1:{s:7:\"storage\";i:1;}OmekaSessionCsrfToken|a:1:{s:5:\"token\";s:32:\"db197dcf2e68688174e2043af19027fc\";}'),('a370ffcg2jv2l1dnkt15u81461',1553681540,1209600,_binary 'Default|a:1:{s:8:\"redirect\";s:6:\"/items\";}Zend_Auth|a:1:{s:7:\"storage\";i:1;}OmekaSessionCsrfToken|a:1:{s:5:\"token\";s:32:\"375c83c865aaa3a6b94157a85a40c6b8\";}'),('a39tbip353knj59bssk1ikn6l1',1550220390,1209600,''),('a5cu1udjg2edur9megpg3gkun1',1550592575,1209600,''),('a5sm4h7bknflemo5pmh9b89md6',1566283675,1209600,''),('a5srpikpbeeqqja7rt2so181a3',1554723513,1209600,''),('a7afcgv03vr8rq26nss2p99ld7',1558335006,1209600,''),('a7m821shv64unuqm0h7q63hn11',1559039327,1209600,''),('abbmvld9qb0hl046i46cjpb8a7',1546934178,1209600,''),('ac2aov6v37jqai07datj5pthm4',1558506435,1209600,''),('aca45100dg3b67eg6ltv1fua85',1555316891,1209600,''),('acpr207csvt0it5bnudcbh8gb5',1565166740,1209600,''),('adbaj84i4bj171sod8at6kg7u4',1561017997,1209600,''),('aed360eh7gvh530uisc6v0dv01',1548676103,1209600,''),('aehm508ohmthlak9nk9h6hfku1',1553755766,1209600,''),('aell4n0qg9vha3l3l09trj7hl2',1566220298,1209600,''),('afgdrt7htoc4jp36klpi9e8e15',1553858862,1209600,''),('agvlief3dsgjb11cfg0cr8o8u7',1547711365,1209600,''),('ah0nuj5cs761pe8uhv2lqng912',1547707556,1209600,''),('ai58taagtqekjjvicnbp7f6kg1',1551253807,1209600,''),('aiea51o08bgha82ocrsi90jnt1',1547015079,1209600,''),('aj1vrg1cnvfr2rpomvaqknvq44',1565079963,1209600,''),('alov24adici0obb221cc6a4123',1557219916,1209600,''),('am923eqrum18cdser06hobgb50',1558070100,1209600,''),('am9eo0vbdmllqlu79bjg715kb2',1559811745,1209600,''),('angt7oafh6dfrgst60at4r28u4',1558523261,1209600,''),('anign5btdj23oh24h852s6m2n4',1556613681,1209600,''),('ap01739c767i5l0gjei2itlg23',1565956678,1209600,''),('ap3h9jmlrafod9foefm6eh1nt1',1560844124,1209600,''),('apm5hjf46vc0buk7ajif3o30u6',1554798317,1209600,''),('aroof7c6rrd1c414neg43e8kj6',1556527441,1209600,''),('augrfjngeonfl0rrqf8m3qpbv3',1547709193,1209600,''),('avcho6lhu3hkqhn4iqbfvrfu56',1555322606,1209600,_binary 'Default|a:1:{s:8:\"redirect\";s:1:\"/\";}'),('avdn1gckic65jllq8trpt5q1h1',1549265830,1209600,''),('b0rih5b48i6d2bh3n0it3qrlh7',1559549899,1209600,''),('b1q7q8cbocefnfqhlaoflm0sh2',1566813081,1209600,''),('b28lpu7p6sph58kdajd4r95n14',1555322606,1209600,''),('b2d517inneinqqhlr0708qj3p6',1554882435,1209600,_binary 'Default|a:1:{s:8:\"redirect\";s:1:\"/\";}Zend_Auth|a:1:{s:7:\"storage\";i:1;}OmekaSessionCsrfToken|a:1:{s:5:\"token\";s:32:\"da03ccbf955c3ec9527b1630cd24357a\";}'),('b2k2odm2v5i35dv2jq4ib97t31',1549527046,1209600,''),('b2nvpag8m49jelp2mv1hbdmk62',1558253455,1209600,''),('b2qupolt8omnr02sb78ehb33h6',1554965142,1209600,_binary 'Default|a:1:{s:8:\"redirect\";s:1:\"/\";}'),('b4k2hoih3rp5u856bain061ua6',1546856359,1209600,''),('b5eceee934ut6ph105kpdi0eu3',1565166743,1209600,''),('b5s886uqqf419rugr9m7beosk1',1565340355,1209600,''),('b6795dituvi7rjcbbtoks04ih7',1559911812,1209600,''),('b71rasncl4d8oguh17hubt3om4',1567235230,1209600,''),('ba04gifj7crago7jeuhdo7l754',1547708191,1209600,''),('bahila94bg0lak2dci0g7mh934',1557475947,1209600,''),('baiidfth14o2qna8ooe3513e33',1558165506,1209600,''),('bcv9kvfri9scslodfao5n5jl52',1566286892,1209600,''),('bdlptil2pt0vjcvi5u8p1dnfe5',1566907629,1209600,''),('bdotcmhlghedc6aqn9nb3fj8v5',1547711688,1209600,_binary 'Default|a:1:{s:8:\"redirect\";s:20:\"/solr-search/reindex\";}Zend_Auth|a:1:{s:7:\"storage\";i:1;}OmekaSessionCsrfToken|a:1:{s:5:\"token\";s:32:\"193f530e63621ae2ac1f8f9d67a3cdfe\";}__ZF|a:1:{s:14:\"FlashMessenger\";a:1:{s:4:\"ENNH\";i:1;}}'),('beqfvh7eue3ba4r1pumt5v8ea7',1554712582,1209600,''),('bf7o8fakjik4q6kjne7ddqmle2',1566063961,1209600,''),('bgs61qid4cnflalusopisi71c0',1550652919,1209600,''),('bhvrhfo55v12nc2ssab2kh1it5',1558008229,1209600,''),('bjgi3l1ecjgam20k4ffjpbijq1',1550618832,1209600,''),('bk9ja28l4odlh6no0hgg75hb92',1558285568,1209600,''),('bkp1mep8b22iu92i2lrk7iotq3',1553675146,1209600,_binary 'Default|a:1:{s:8:\"redirect\";s:13:\"/items/edit/2\";}'),('bmfrbs6650vr1ms24030ai6hl3',1555313000,1209600,_binary 'Default|a:1:{s:8:\"redirect\";s:1:\"/\";}Zend_Auth|a:1:{s:7:\"storage\";i:1;}OmekaSessionCsrfToken|a:1:{s:5:\"token\";s:32:\"b6950b489deee0ee43c10dd3b0464549\";}'),('bmklrtt6u8qvlp22i2em3lj9j7',1553514221,1209600,_binary 'Default|a:1:{s:8:\"redirect\";s:13:\"/items/edit/1\";}Zend_Auth|a:1:{s:7:\"storage\";i:1;}OmekaSessionCsrfToken|a:1:{s:5:\"token\";s:32:\"7dbd4cf7f58869dfdbc0bb9580d9cfec\";}'),('bnk7553b12c7uscdh62gpkstp2',1559911360,1209600,''),('bob1o1n191nd6c8ld1qrpnta43',1566210628,1209600,''),('bpjso8a33m0o0uc9k3ongh4bn6',1552388970,1209600,''),('bqov22428m6dlgv2kdsl8dsm57',1553859996,1209600,''),('bqvm6mm5lrfpnqg4ngbhvo5iu4',1566299587,1209600,''),('c035cgcb5mnip46qr5srh7fpv1',1547707458,1209600,''),('c04r6h3e04nnku52r7kip04us6',1552657053,1209600,_binary 'Default|a:1:{s:8:\"redirect\";s:13:\"/items/edit/1\";}Zend_Auth|a:1:{s:7:\"storage\";i:1;}OmekaSessionCsrfToken|a:1:{s:5:\"token\";s:32:\"0a0292132cdb5c33c56f5a60606988a0\";}'),('c0m4aveg86mmj27l3fb0rf6qu2',1557138504,1209600,''),('c18m83unpqb70sl9oh01vkg997',1546857102,1209600,_binary 'Default|a:1:{s:8:\"redirect\";s:1:\"/\";}Zend_Auth|a:1:{s:7:\"storage\";i:1;}OmekaSessionCsrfToken|a:1:{s:5:\"token\";s:32:\"31788abd037173965f3586000da97221\";}'),('c1pom83ueb6i3c2bt5oilaits7',1565193813,1209600,''),('c20r45so6fpn8k04qoic9lag90',1558270092,1209600,''),('c45n3ec71klv83akgdp8lapnk4',1547711811,1209600,''),('c606hc0cjsfg53ue2m9hcgqer1',1557387686,1209600,''),('c633sb60ln1nn0t6b5251kc7m1',1554723802,1209600,''),('c8nf9ql0fnf529vg4ha5s6tma2',1549979291,1209600,''),('c8nfp3cp931fnrn7ch143uot87',1558257968,1209600,''),('ca1odo30khgl590qgupom8eb07',1558350897,1209600,''),('cbu9cug93qrlvqj4p5gl0lol04',1558598497,1209600,''),('cc150p633k02f3ib1k86f0qo40',1553769647,1209600,''),('ccef4rai2hih1kr5bu03rujm94',1565332033,1209600,''),('ccnf0s40k9dv04bvmiv47j9t92',1557310143,1209600,''),('cd0ea6vge3a2nakceu0p3klgl4',1557748366,1209600,''),('cdu6dlihh756ht5oqgi2jlo2l1',1547712655,1209600,''),('cea8t03o0h2af8nbf3u3i799o4',1553782046,1209600,_binary 'Default|a:1:{s:8:\"redirect\";s:5:\"/tags\";}Zend_Auth|a:1:{s:7:\"storage\";i:1;}OmekaSessionCsrfToken|a:1:{s:5:\"token\";s:32:\"1a76d8fc9a63a1e7103858f492b3b419\";}'),('cf2oonnuf0treu0crscgk9bos6',1546860940,1209600,''),('cf5jug1vce5g632osj047a5ql4',1557482689,1209600,''),('cf8v6rub2htuaa8gfir1au3i02',1555313100,1209600,''),('cfbamsq7oqlfmse2ro2eael6j3',1558160707,1209600,''),('cg040aj8sg514gqhsspup5mlu1',1557742464,1209600,''),('cgb5ph4h8cqtfvl7d7kkj0qpi3',1566200276,1209600,''),('cgg93q7io5iubb7v76so69sq25',1565980137,1209600,''),('chj1bhf9ffe1hsd17loq9l2kv7',1558279822,1209600,''),('ci1db0l0jsjoqtku9qigd158k2',1561029071,1209600,''),('ci4gnscm5kfj7e9i3qh8od5i41',1554811280,1209600,''),('cjh9qp1ad3f1m5g9s6a471af35',1566204612,1209600,''),('ck4p0s2hbph9mtd8ffav0h4o46',1552642490,1209600,''),('cmb3vkjogn2a8ssbgnso8mr9o0',1558080827,1209600,''),('cmf8lh2b58upg5usq5ptle9u20',1547106842,1209600,''),('cmjgu06sjte54404o8knt34283',1553509051,1209600,''),('co346uutbh93tqrvn72n8n3vm1',1560925820,1209600,''),('cot88996vb3s09n3qkpj4ch4j4',1565905655,1209600,''),('cr27d7keh814usikr2sfhaipa5',1550577505,1209600,''),('cr5mc0usfmlsgli52d83ap26f1',1554792966,1209600,''),('cslbcp7p5qjcu9oppa9tn8saa7',1559560812,1209600,''),('ct8ca6et6qmmecme228vmmkkq2',1547015736,1209600,''),('ctgqnjg6e3orrlcldc6aarec33',1558698832,1209600,''),('cvtcque6drcddrm7d0goi73dl5',1560422860,1209600,''),('d18blfsrvq18o049lkhenr2lj0',1550563369,1209600,''),('d1ovkkb2v3nglrddjr5tjbgbc4',1557387688,1209600,''),('d348n4sev55cff5kp2h9862834',1553755794,1209600,''),('d6k791gs1tbu4diar6kijshf64',1561025397,1209600,''),('d6ngeb9kj90ht1sqeruru5cbc0',1559112771,1209600,''),('d9ov84smf7nb9c54f5cholg0u5',1555313605,1209600,''),('d9uvkrsa80dpke0um6ja0tgpp0',1565594156,1209600,''),('dc689pqpitnaagqd2g5fpidsb3',1565849617,1209600,''),('dc8nmk5oth1vsemt0901uke6p3',1554791203,1209600,_binary 'Default|a:1:{s:8:\"redirect\";s:19:\"/solr-search/fields\";}Zend_Auth|a:1:{s:7:\"storage\";i:1;}'),('dfg8bj9bs7ikdt4faanqmq86j3',1557985755,1209600,''),('dg0kdk4a4t08eu3ofmp1dtkbh3',1565890531,1209600,''),('di89b5tak7t3t802qv5gfcomf7',1560511449,1209600,''),('dihd3445fia5n8hsa24ivebc21',1559910339,1209600,''),('djijm13iesl9p3q9phm464qfi2',1549359400,1209600,''),('djikst2h7ijeh7eav6phk43pb0',1556533343,1209600,''),('dk75glgrtialsic8lf0pe7r610',1553860005,1209600,''),('dmg8ce7q5as8cjh92l4n5sa707',1556517572,1209600,''),('dnf60mnrjs7iekkc796p4v7cg5',1550146120,1209600,''),('do8qim91discp63bukagpnfeu3',1553609276,1209600,''),('dq7r3eq9fo2909goohd7vgmej7',1552903789,1209600,''),('dqmmac984rvvtp3tm2dlk2res5',1550481778,1209600,''),('dqnq4srhbale8h3a9g95v986q4',1550601235,1209600,''),('dr4shd23qnfpnqqqndkpol5mn3',1547191627,1209600,''),('dsugmg1v21g6r7b5l5q2nu1b87',1558155749,1209600,''),('dtpaolr49inv1qc4pvcuccpjo1',1557736675,1209600,''),('du4lkkh3s9vggmvh4jejn8o2l7',1552914518,1209600,''),('dubjgel0r22ufm64f4ls7tfn90',1555330184,1209600,''),('duvjc9jjbfnnuaa6s2vvisfbt3',1550132114,1209600,''),('e0b71hh1i5tasubukm75f2nga4',1552902813,1209600,_binary 'Default|a:1:{s:8:\"redirect\";s:1:\"/\";}Zend_Auth|a:1:{s:7:\"storage\";i:1;}OmekaSessionCsrfToken|a:1:{s:5:\"token\";s:32:\"bfb76a4d192bbb6fc4e864205f1fa4a7\";}'),('e1asebbdmj1u36192ug65egqg7',1553514122,1209600,''),('e1eumafah8prn6h48tjh0lgte4',1554877775,1209600,''),('e1v6tk020atuj9jj48fi582q55',1561711188,1209600,''),('e1vbmo6op92u1d1tcnu0djb0d7',1549269511,1209600,''),('e2cajm47j6vb4edenpjv7gots6',1554811283,1209600,''),('e4ene4ii5jei28blh8ib1tdid1',1553671245,1209600,_binary 'Default|a:1:{s:8:\"redirect\";s:1:\"/\";}'),('e60smv7aqpqsjcgm2u182hsf34',1567183347,1209600,''),('e80llucq5l8mam3j5648s2bvh2',1565254498,1209600,''),('e834bcggousbk3387ftabc48f4',1551186424,1209600,''),('e9fie0j724ib2sj8kdpu8mnf86',1553514125,1209600,''),('ee0jg9bra4g9evfuqkul5o67t1',1558000839,1209600,''),('eedelfka1a1650rdphlb70lt31',1556780944,1209600,''),('eek3ovuinu0ildtsqfoo574061',1565980131,1209600,''),('eff8rbnl50pld6ss4a8q2pe470',1565340357,1209600,''),('eh0o49bb5de9e1dqc0dfqidif0',1565252231,1209600,''),('ehd348m8pjaag79c56af5dcua5',1549520926,1209600,''),('ehe23dk2pjeigs8vo2jcdol2u2',1565193810,1209600,''),('eicjbsk17l3hio8ees89svhpf1',1548656574,1209600,''),('eikebpkc4dcaogthb6ta0iv2q0',1550123982,1209600,''),('ejb85920keoinnmq12mgori7e5',1561704304,1209600,''),('ejjb955a11dekqj15uhsnrf1i4',1565248283,1209600,''),('ejvi63b21mv56lclepfglf13g2',1556604990,1209600,''),('emomm2cmr22i0k0hd8jq2jod45',1548751168,1209600,''),('emp2e6ckgjt4dvh47vkqohopp4',1548829143,1209600,''),('eolblras0k1pk4qvp1ugo6t1e1',1555321021,1209600,''),('epr8qrhhqd9dusmar78tt0m132',1557982141,1209600,''),('erh8rd2cjekjardboa62p9qtu7',1548672522,1209600,_binary 'Default|a:1:{s:8:\"redirect\";s:1:\"/\";}Zend_Auth|a:1:{s:7:\"storage\";i:1;}OmekaSessionCsrfToken|a:1:{s:5:\"token\";s:32:\"d621c3b8dc26a6e6519656d1a1a0e8fe\";}'),('ersjojj64quscsucs2mphk1791',1558204809,1209600,''),('esc8cnad2e550s7745ngtujld2',1554786869,1209600,''),('esv5ntlg1cdgrli0b5nj22tci7',1557228482,1209600,''),('eu7b5alat4auiqbpnvoceerk71',1553765077,1209600,''),('eubsvlmimt7qf8kjkea2mqka35',1561624934,1209600,''),('euq4bqrkcaomacnmnsqn59jgq0',1558065958,1209600,''),('f1ks56l439to6dqpf411m5osm3',1558161597,1209600,''),('f2pf2j6f6dnea1ug51euj7i3i3',1566195667,1209600,''),('f5anr6ngli774852l8hknh6po4',1567201098,1209600,''),('f615c9tkh9ai1bcjpflr6l0fv5',1549451827,1209600,''),('f68mfpc7vcn7fb7bn0hp5cpqp2',1556522151,1209600,''),('f6ae4b39ra9mr9k6urspshgje3',1566204614,1209600,''),('f6b83lgfd723lhkaflfd8og8e2',1550608413,1209600,''),('f6bd0ag177ansf3g3f3p9kb781',1549957277,1209600,''),('f7l86m522fj35795d4f0inkcd1',1558257972,1209600,''),('f7qj3lpqg42pr5lpiohdkuajl7',1565252226,1209600,''),('f7ra3gci0781ubcb9nqnum6sq0',1567686314,1209600,_binary 'Default|a:1:{s:8:\"redirect\";s:1:\"/\";}Zend_Auth|a:1:{s:7:\"storage\";i:1;}OmekaSessionCsrfToken|a:1:{s:5:\"token\";s:32:\"992b5d4672cc1914b46e30bee29844bc\";}'),('f82uqvvv54qrgkifn24rs5cgo5',1556537796,1209600,''),('f910ouuv6b0tmj22st9a8vd6e5',1565680843,1209600,''),('f9v3hv594kjmkv1c6ck0bc2or4',1557475951,1209600,''),('faa6ebr0tt3m3m4g8dt9i4nnm1',1558015185,1209600,''),('facfnu8g5g6rfpib482ten3e66',1554282609,1209600,''),('fatdhg72ja3q5ebaahclt0kmh4',1565956676,1209600,''),('fcggduge9e4m15rp4o2in1o7p2',1548670701,1209600,''),('fefd65341kvtjtfdn12j8567l1',1560930949,1209600,''),('feo3b704qep8tum001t4sgsm50',1557491528,1209600,''),('ff663lutcnm7lmn9mq55d7rak6',1566813084,1209600,''),('ffb2bvaem91dfbrjcn7vlpja55',1553509056,1209600,''),('fh5nikdj7ssso57qrfcqujdtb5',1558161601,1209600,''),('fha70mmn9ddl0m36d22paf4ib2',1549359397,1209600,''),('fhbc5sbc226hsag5gjfjp0i6p3',1565256838,1209600,''),('fi3aou58lg7uev7l4142vqn223',1565993221,1209600,''),('fi5r2u2o3eetkhq5rc9s1lvgg4',1546862849,1209600,''),('finq04nahb32a4h2m4siqrjp50',1546497185,1209600,''),('fjjj4a09ef9k21tskvclh2ep15',1554792365,1209600,''),('fk1t2492hc69gtnhq5tn5p67o7',1553850395,1209600,''),('fl6tnoh9k9bh6uu3obiphac083',1550134462,1209600,''),('fle1cs5dan1umo7ai82ii1a023',1558698835,1209600,''),('flibmfij3k3jjo95lbbuqqgtg0',1554278024,1209600,''),('fm32d0jup70ba7t365th077pl6',1547712379,1209600,''),('fna8kmlr2la3fu3pofjq7ak3k3',1557400892,1209600,''),('fohnlgnhvrqst1fmbrmfn2irv7',1558025113,1209600,''),('fovj8vv306qg9qbu3i44gfved2',1566207774,1209600,''),('fp6vj39uflaihjpctn59i02dc0',1558270095,1209600,''),('fqaqor7i86001pv89bljkumjt2',1550134465,1209600,''),('fr0rrbrl9105s02tlupr6pdks0',1550061655,1209600,''),('fs70rsd2kkbpin6elmmn1r9qe6',1548674745,1209600,''),('ft9r5qv2lbtpfoqemid1l6ck27',1558173701,1209600,''),('ftep0v1mioru1es98gbml51tu0',1546933405,1209600,''),('ftivuohuu2logdok7ucj73mh03',1550648676,1209600,''),('ftsjbhvmn35qsh22780tenf966',1558187697,1209600,''),('fv1f6ck6mfslgqbbt5g20p88t7',1552649987,1209600,''),('fv1ii2d8p5j1lq571bvl0s3rv0',1547468867,1209600,''),('g10mu9pri3f7nn4bvar0nshn42',1554801948,1209600,''),('g1tn7i3mohuajle9e4it6glqh3',1550652916,1209600,''),('g34ptmakk8qddbijkj20man654',1553684057,1209600,''),('g3dtitbbcqil3djptpst2igp15',1550085805,1209600,''),('g4cs57921c9rhna4gsgqt50p27',1558070097,1209600,''),('g5pmstk36jui95k24isdgf3r56',1552641586,1209600,_binary 'Default|a:1:{s:8:\"redirect\";s:13:\"/items/edit/1\";}'),('g6dl0pbh6hgft745qoa8nb5df6',1554288314,1209600,''),('g6o1kjrt07s26fcmb9m8rqdfj6',1565989275,1209600,''),('g7td7tofvk3fbt9io8080pn0j7',1548752455,1209600,_binary 'Default|a:1:{s:8:\"redirect\";s:1:\"/\";}Zend_Auth|a:1:{s:7:\"storage\";i:1;}'),('g8edkuagdiuk3atimkgbhb2t71',1558165503,1209600,''),('g8keppcte6esr38l92ccesg8g7',1554194822,1209600,''),('g8v101s3eoidvpt0sfpqg587j3',1559132604,1209600,''),('g9oqsmd7mkntsaf6uv8ohd5bp2',1558025115,1209600,''),('gct4r39ac8qlp64m1n8414u2b1',1550644926,1209600,''),('gdb830ufd55gn49qtavupns9t1',1547712809,1209600,_binary 'Default|a:1:{s:8:\"redirect\";s:20:\"/solr-search/reindex\";}Zend_Auth|a:1:{s:7:\"storage\";i:1;}__ZF|a:1:{s:14:\"FlashMessenger\";a:1:{s:4:\"ENNH\";i:1;}}'),('gdnitvm7fmvdrl1v5r7s3mj2b2',1550044570,1209600,''),('gec24n66vh22h0o0ckb6rehog1',1554792031,1209600,''),('gfb98ih7pikrio6imjdmfell75',1553774629,1209600,''),('gg8dn341bp6js1sr43sh4kk973',1559027657,1209600,''),('ggj5qu1knrli92ebeubq1jvku5',1550668844,1209600,''),('ghlg2hjmis8k1uik26tjgi7hd5',1549435197,1209600,''),('ghpssuk5m4knlphegaeohmjpk2',1566457588,1209600,''),('gjks4ipkeobf01dl6g5a0dj2a3',1552639956,1209600,''),('gkhu5h0tni2aku25ltd0rkj296',1548661190,1209600,''),('gku1kj5clqrr2t9oohhtatijc3',1553672586,1209600,''),('gmr6mt33e1153skrvgbidj10p5',1554191335,1209600,_binary 'Default|a:1:{s:8:\"redirect\";s:1:\"/\";}Zend_Auth|a:1:{s:7:\"storage\";i:1;}OmekaSessionCsrfToken|a:1:{s:5:\"token\";s:32:\"48680dc08ff093a977727ae74731cb6b\";}'),('gorf2ii5eo6ba7lq6bhatspvc1',1566379776,1209600,''),('gp12uhp0tiv9kcmk868d93qig1',1559044231,1209600,''),('gqguv6h6e2gss2ubesegkm3g46',1548766574,1209600,''),('grgqr498qun9ghgtdtcg9mp7r0',1561711190,1209600,''),('gt4c802rhmis8hg26speaejj90',1554277270,1209600,_binary 'Default|a:1:{s:8:\"redirect\";s:1:\"/\";}Zend_Auth|a:1:{s:7:\"storage\";i:1;}OmekaSessionCsrfToken|a:1:{s:5:\"token\";s:32:\"a6e3fc560ac3ed045da8ff85ac1c8d67\";}'),('gvja8gp0hnre3214u3ddkunkk5',1547722173,1209600,''),('h1b7v3njt0c2k08q47889iv682',1558523259,1209600,''),('h2fc2smbj18mtbjtjusr029jc7',1554792965,1209600,_binary 'Default|a:1:{s:8:\"redirect\";s:6:\"/items\";}'),('h2qm1c835rtp4fkrpkdmol1014',1566279725,1209600,''),('h3g27ob754n36a2vqlidoatfg7',1550048204,1209600,''),('h3pfo7q5puqadk1g2d4nvt6kh5',1559910946,1209600,''),('h3r4uir21hii4gv5jb3l8haan4',1550563366,1209600,''),('h5hql131d8qs57ic7226rjckb3',1551176556,1209600,''),('h5mvn4oafhfgk28cvp0posaeh7',1547710560,1209600,''),('h5omkgkpu7qetm1rv2dekm89h0',1547214536,1209600,''),('h5rl1blnrd7hveh9so20cm33b6',1549520923,1209600,''),('h9r35i39k9tf6kmalqbuj51ap2',1565262364,1209600,''),('ha0tjb8v3n9gq93rr5nvkl5vj1',1547544851,1209600,_binary 'Default|a:1:{s:8:\"redirect\";s:1:\"/\";}Zend_Auth|a:1:{s:7:\"storage\";i:1;}OmekaSessionCsrfToken|a:1:{s:5:\"token\";s:32:\"596ae5b5d0e367bceea26353de9e01c4\";}'),('hag9dq1pqc0te4p3v224e6hhi7',1560845754,1209600,''),('hcqsnn8a5cie1vlrbiv2u1pvo3',1557482694,1209600,''),('hd8nh5sttpj4unjmg0ul787bk5',1567492168,1209600,''),('hdiamobkapoeotj9klfgsem8l3',1557994700,1209600,''),('hdude673vb2ooekj9etacjdta2',1559031975,1209600,''),('hfnmckud711vh8s5dc431gm716',1558438302,1209600,''),('hi7k7g2n4nv2qtjni7o16k8k80',1567183344,1209600,''),('higgmocqpnu0l9kulrlffqfih2',1549886494,1209600,''),('hjddp87cs6antt7u3ldkbn3aa7',1554190922,1209600,''),('hjer878nv1v9f34o8pgris4eh1',1551875221,1209600,''),('hjolo56v0ksq8ab8g3me66cd27',1558204807,1209600,''),('hlkhk7rhaq51ct837rmknglrr5',1566907623,1209600,''),('hngujrg6ft38st0p6q5u4jp3o1',1565620635,1209600,''),('hori88ekblvfiv0mo6286g0bt4',1558680410,1209600,''),('hqnj4at2c8urc2s22g13hvrde4',1558418591,1209600,''),('hr9306cvj0v1a96n1ugdl1kfv6',1565964473,1209600,''),('hs2voc0cgrnp0nc80vvjveuf35',1550123986,1209600,''),('hs4c0pufs46oklapi1g1790ds6',1547112664,1209600,_binary 'Default|a:1:{s:8:\"redirect\";s:1:\"/\";}Zend_Auth|a:1:{s:7:\"storage\";i:1;}OmekaSessionCsrfToken|a:1:{s:5:\"token\";s:32:\"cc2ad87d701230e29419e0fadd1355b7\";}'),('hsp87953ut73s7c1ttott0vrq4',1558590119,1209600,''),('hstkda2bdmarka72r5so6b8gs5',1557380300,1209600,''),('hsuqos1ul13g2dp72o1i8oaio3',1549351411,1209600,''),('humi142cqce52jgqnq3pascff6',1557400889,1209600,''),('hvqo039qhu85e9406be8oi3m31',1566215696,1209600,''),('i1hddas0e8vnec3sg7j5g6i8m0',1565096395,1209600,''),('i49397500sfuiotc6ff3lasja7',1549265825,1209600,''),('i697l678p12jslo19ap7kqs5r3',1557384055,1209600,''),('i6rn9b06us7ir8f1pukjulfq81',1559048870,1209600,''),('i7fhopm3mvic379neh19sfqio5',1559902802,1209600,''),('i8g8i7u1rtshha9oocijqa5g65',1549275266,1209600,''),('iagae4q5b5qq9aflrhgutm58v1',1560839756,1209600,''),('ibm4cnjeto32ampbjtkgct7ks7',1550492312,1209600,''),('icempanntuknhrn5c2pt91h5s2',1561631225,1209600,''),('icklphcjul6v2ae7ql8h1khnc3',1555307905,1209600,''),('ig1db2js7olnh6t9h64sfonv24',1553682569,1209600,''),('ih65hbsogt54rgtm925i6uha10',1556537793,1209600,''),('iinlntlfg1s2ame4kq0um77to1',1567164129,1209600,''),('ijraauaghle2iprs8f56ml8su1',1567592135,1209600,''),('il2a6sepdpuml3moh93bobm1h6',1551870373,1209600,''),('il7ikq7nq89i9rimu995hlegd1',1566286897,1209600,''),('ilthmqq93sl6n9v5ubl764ps42',1566116844,1209600,''),('imd4joivoflbgmcrqrvng0gpq7',1550130234,1209600,''),('inp9d98t5idhpcc877lfa4d8u1',1546861403,1209600,''),('ioihauo7439efqjhhadoij3jj7',1546497486,1209600,''),('ip2ru6vvp7lejtqc6qgcnv69k0',1557397090,1209600,''),('ip4e7r1a4v24geeo33nio3clo1',1565690204,1209600,''),('ipi788u4kjir8ve4r5nhajgoi3',1565256841,1209600,''),('iqrgonb01cjr3se4oloq1snsp7',1558945747,1209600,''),('iscvegti35dkopmdbhd1v5t1a2',1553764170,1209600,_binary 'Default|a:1:{s:8:\"redirect\";s:1:\"/\";}'),('iten27489qck0rqr4rlabuh9j4',1553675146,1209600,''),('iued9lporskm7p8hq3d8p3t3e4',1560946535,1209600,''),('j0lp5o8ljdnu1d45lteh8mnud2',1565612115,1209600,''),('j0r46ssb5sjr8dova7ha9blei6',1565250496,1209600,''),('j10gp4okretng7vb7pt8hbb0e2',1560946532,1209600,''),('j13bs8on1l6bheblro2ss52ua6',1552897201,1209600,''),('j17rf7fb2c1n301bl4ni574nn6',1558335002,1209600,''),('j1v7fefufddi3b85hrrks23hi0',1554873554,1209600,''),('j3bg3tu4lnjtjo32vq4js59kl4',1550492314,1209600,''),('j3lkir1kruecua4e7ulteddj14',1558340191,1209600,''),('j5b1jsib4brtfubgp31rt7rp61',1558514055,1209600,''),('j732vbnjmeafun5inrd3dr3ti6',1553765670,1209600,_binary 'Default|a:1:{s:8:\"redirect\";s:6:\"/items\";}Zend_Auth|a:1:{s:7:\"storage\";i:1;}OmekaSessionCsrfToken|a:1:{s:5:\"token\";s:32:\"e01dcafdb933ebbd5a53dba0b8d964d2\";}__ZF|a:3:{s:45:\"Zend_Form_Element_Hash_salt_theme_config_csrf\";a:2:{s:4:\"ENNH\";i:1;s:3:\"ENT\";i:1553768786;}s:43:\"Zend_Form_Element_Hash_salt_navigation_csrf\";a:2:{s:4:\"ENNH\";i:1;s:3:\"ENT\";i:1553768790;}s:43:\"Zend_Form_Element_Hash_salt_appearance_csrf\";a:2:{s:4:\"ENNH\";i:1;s:3:\"ENT\";i:1553768794;}}Zend_Form_Element_Hash_salt_theme_config_csrf|a:1:{s:4:\"hash\";s:32:\"1256a9cbdc0b040514619a565150a40e\";}Zend_Form_Element_Hash_salt_navigation_csrf|a:1:{s:4:\"hash\";s:32:\"fd2d81d86425376b7bb6091b5dbef872\";}Zend_Form_Element_Hash_salt_appearance_csrf|a:1:{s:4:\"hash\";s:32:\"27b9490df40b26988ed5c71340a88a9d\";}'),('j7evh6kfamsjfgo8jcn8h522s5',1549262207,1209600,''),('jgju6sl9tjjk42v07f609r1682',1550038838,1209600,''),('jgk5de9afjvtlccvsfqko9ge20',1558111184,1209600,''),('jgt3g9vlnshs21ob0l3oa5ttd3',1546852430,1209600,''),('jh2nrg9cidu85mqertnjlf1l47',1558019918,1209600,''),('jh9trs64s3du6g6a04kkna1pd6',1558610098,1209600,''),('jhneh1eegp18cbsd99icvq9vl5',1553514198,1209600,''),('ji2gtl4vp9p9posd0e1tn0n4i2',1566907626,1209600,''),('jj2gmqcrscjtv151ceb3jiq6c6',1566368022,1209600,''),('jjs5granqv87dkp6pvbrr3taj1',1566888138,1209600,''),('jl19h76p22rj5e8mrin50v8rf7',1546939594,1209600,''),('jlho268o62g4tsjr9u2249uac3',1558065955,1209600,''),('jmbm2rnlach5f1fav9jtj5jhg2',1557146356,1209600,''),('jmcn8fe4qvnqb1c1tqhbdjtk15',1547712659,1209600,''),('jodk63m2p4a08rkb45p8bdsda1',1566157146,1209600,''),('jpr4thnfgfc495bdbuea2i7cb6',1566805990,1209600,''),('jq1qdjj5et1lbp5q9lqbvilno2',1547712657,1209600,''),('jq94nutvc51epch46qbqjlq3r0',1549455968,1209600,''),('jronr06mptk58in0tsbbq9eh76',1547542807,1209600,''),('js59rkvjrm9dv44ghc1erl6g87',1565082840,1209600,''),('jsj7u39sijjhlb589no8lta9p6',1554293497,1209600,''),('k0eovb2j966oql5b0n9cf6t0t1',1558008226,1209600,''),('k36i9ne3g0fmn5mpc4rftpuf27',1550053293,1209600,''),('k3b477u1kchlfn6vfr3959f2c2',1553765971,1209600,''),('k4sb919g4g1o2as8lsf6paa8o0',1556786815,1209600,''),('k5460766cad756nogj922i8tm3',1554964775,1209600,''),('k5egolqvhug329o95ncaa6f247',1550657068,1209600,''),('k7hd9j0tjbcl5kdpeo6vve0s94',1559039331,1209600,''),('k7oracp9lheprn1mf14hj6knq5',1553508498,1209600,''),('k7papl3jakglnhnk3ppq6i6hf4',1553774132,1209600,''),('k8rj2u1ntmjsrk4kiu4jqsgl07',1559560815,1209600,''),('k9mv2bsal01avnrh9gt1cqdjg0',1557306002,1209600,''),('kabvs7q23vtlo54168git17lt2',1559811764,1209600,''),('kamunqr57eu6m6m5ctqbs2v262',1554787606,1209600,''),('kaoe01vu0la7bffdqgamjn0621',1566379778,1209600,''),('kb7qkn6ju1l0en20ipms6vupj2',1554716337,1209600,''),('kesjbumugj4flvhqh4kdrulcg1',1558118035,1209600,''),('kg8gsfm7r7qgoa5o07io47oni2',1547534404,1209600,''),('kgaggs0i7o3k4mflsfdjpdd7o7',1558423082,1209600,''),('ki6noftms3sv9s6uvkp34lcfg3',1566371959,1209600,''),('kimugkl1t7tarrqvh8rdq0ib63',1553064279,1209600,''),('kkus5nb080d49437057pjv2277',1553610403,1209600,''),('kl1a5h8cugb84efg9k82jgevm3',1552388972,1209600,''),('kmeni19oh2g5l4jd4q2uti8mv1',1561017992,1209600,''),('kn3u13r8novlg9kq13nub4ogs6',1546866591,1209600,''),('knhidbdlcrk9o6l5dg3h66vdi0',1565781681,1209600,''),('kotrf0drlmosi6bcqt3dkiqtd7',1549979295,1209600,''),('kpfhcv2do7s213qjhllr4iq720',1553608288,1209600,_binary 'Default|a:1:{s:8:\"redirect\";s:1:\"/\";}Zend_Auth|a:1:{s:7:\"storage\";i:1;}OmekaSessionCsrfToken|a:1:{s:5:\"token\";s:32:\"b713c6aff6dc8e2b7ae1039d42c5379f\";}'),('kpgkllmdvodrss7l7lt86m5hd3',1554790845,1209600,_binary 'Default|a:1:{s:8:\"redirect\";s:16:\"/items/show/id/4\";}Zend_Auth|a:1:{s:7:\"storage\";i:1;}OmekaSessionCsrfToken|a:1:{s:5:\"token\";s:32:\"2027e3d17b0711f1203e7701f375ea5d\";}'),('kqa9qegqta3ratc4capeqkrmj2',1565262367,1209600,''),('kqch6jhegiem5ibqqu82ecnio6',1565612111,1209600,''),('krgi58s1lhqkvtrtfms6kfjaa7',1554291908,1209600,''),('kriqce6rb3dc7csu0v5tru08m3',1553513254,1209600,_binary 'Default|a:1:{s:8:\"redirect\";s:1:\"/\";}Zend_Auth|a:1:{s:7:\"storage\";i:1;}OmekaSessionCsrfToken|a:1:{s:5:\"token\";s:32:\"4634978b94d094945d4fd9334f67d020\";}'),('kstrt7p0uj387viditf12ahki6',1565604456,1209600,''),('kvnde9vj74cobhvhv5jalc0vd4',1559027659,1209600,''),('l0cvlhbpgj7fb3dhkbadl4iql1',1556899071,1209600,''),('l235uh8oeo4b2n73gmom778hk1',1547015035,1209600,''),('l3e98etb7g61i7p34gvg6upg81',1553848910,1209600,''),('l3nrbnaa972hl3nc5hvdem6v60',1556780941,1209600,''),('l469etggglhnl4umngpdbbf1c2',1553765970,1209600,_binary 'Default|a:1:{s:8:\"redirect\";s:6:\"/items\";}'),('l5qrt39480bqrd1ca6j1lj9hu2',1552902460,1209600,''),('l60ceeom8ji06u84m11phkito4',1546946415,1209600,''),('l71jtqpfa4abvbattvm1el48l2',1551097613,1209600,''),('l7ktg9bj7pr8h3enppf3n39hj1',1552908732,1209600,''),('lbichorehhai1d56l9ejf1q7k6',1546866838,1209600,''),('lbscerb186qjtco991gdd53p27',1554788656,1209600,''),('lc04mic1qp33km27pecg2svge4',1547013953,1209600,''),('lek5uen0jpab0eeajjlfa0g7m1',1553674846,1209600,_binary 'Default|a:1:{s:8:\"redirect\";s:6:\"/items\";}'),('lfn92pvg3l8b8l0ib2566o25f1',1556522156,1209600,''),('lfq1u9rt42tb1s3ffv6e5r71o6',1553672326,1209600,''),('lgn8f21l8hvjmcdg4fg004ncm4',1566067920,1209600,''),('lh1ijev469sar6svrr0ak6a1j4',1565182666,1209600,''),('lhfpu8qhah3dl07kf1qjeraj71',1560921908,1209600,''),('lhvi9mlsjlpeug4nu0ncqv8er5',1560410126,1209600,''),('ljagkjqhquqkb5hq9euohshql4',1554201123,1209600,''),('lk3er688t7p6ab6d70vkp8noi6',1565632847,1209600,''),('llf8dh01ujvosg9gt10uqq0pm7',1560839761,1209600,''),('llobmehr9s3q0jn9jga7j0af34',1560942475,1209600,''),('lmd2obqveovdhkgo10e9psc822',1550138188,1209600,''),('lmfntrevv8pi2ejl1nv8m7enf5',1546938693,1209600,''),('ln5lnqeskg5p0h8mlab6f9s832',1558514052,1209600,''),('lpq9nr4pi1i0q5lpef7nb803s0',1566063964,1209600,''),('lrsho418hmeca0cjjapg8qecg5',1565084378,1209600,''),('lsat5n09q19lrvsna5ru019cl6',1553764584,1209600,''),('lsksip03qee6k0l42crhf3ohv3',1550558806,1209600,''),('lskvlqqv2p2369idfhd08dqib6',1565096392,1209600,''),('ltdh6sqnul8antc8io4bs95v00',1567235227,1209600,''),('lte2ltfbnubsam3rb8388544a6',1560938662,1209600,''),('ltklbc0bhjj7npcpq4fceob935',1546858348,1209600,''),('ltt5q8p90pknlihj47rb9p1pa1',1548246410,1209600,''),('m1rl9bbbn5a8rd2b6iqpparkq4',1548766572,1209600,''),('m23cs38khkkb0b8ugqq9kh7237',1555330995,1209600,_binary 'Default|a:1:{s:8:\"redirect\";s:13:\"/items/edit/8\";}Zend_Auth|a:1:{s:7:\"storage\";i:1;}OmekaSessionCsrfToken|a:1:{s:5:\"token\";s:32:\"88e38f4abf343392d61e7e868c88dcf1\";}'),('m37r9m801epnb0vlm3oito4tr2',1567227235,1209600,''),('m3t3bg35kfsmepjp8doislq701',1550044573,1209600,''),('m4rlj5b9u7t5qgjf29g56emoe0',1553766267,1209600,''),('m4tmvtt7tjt7li295la62dab77',1554276606,1209600,_binary 'Default|a:1:{s:8:\"redirect\";s:1:\"/\";}'),('m63g15i48sj7kk7g0pgdrlmo27',1550573410,1209600,''),('m6bvkiemagke3vt8q2oqjlj980',1546861948,1209600,''),('m6j83s44fs0gbmulvupkep93v6',1558680413,1209600,''),('m6m5fqq2sk65cclsgneqhafo07',1558598494,1209600,''),('m7b1ab130hiomsd6r7ioh4n575',1566035138,1209600,''),('m7bpgrsu28nmmh23rnq8ssnu33',1546932393,1209600,''),('m8nfjl77h7prk26el1k8tp9744',1565935914,1209600,''),('m96ddq5k8sf6ad1q9iksl43ts5',1566289170,1209600,''),('m9m8fu5rgg9d2jv67urh515co1',1566561233,1209600,''),('mae2i6eir9360i84bd1nhfceo0',1550072744,1209600,''),('mcmvibr8irbhbfusrcfhvjk2g4',1561634875,1209600,''),('mcso4jiv9dgegqsa9n3c0m8e40',1557142289,1209600,''),('mfajul5vn4s79geh8rjfl8tqe3',1546938072,1209600,''),('mgmr744le08elekc7kpb9lq9j0',1548751164,1209600,''),('mhf936pbpktpkk4depvev2q2q4',1554787553,1209600,''),('mho6hgr7e9d9sjdls789r4ka22',1556517567,1209600,''),('mjn0o530iu42akcc8hg7n36if6',1552903153,1209600,''),('mk6jod3hresvp1sr0ufoaipd86',1553859397,1209600,''),('mkhlpqh464sdm3bdvdm7su6qb4',1555316885,1209600,''),('mktjrabqa8up7jbc93f278rpq6',1553675446,1209600,''),('mlo94nhlde9a6aqmq9gt2te6a6',1553771855,1209600,''),('mlthbpfu1c7pjfqg9p283t01c1',1566029521,1209600,''),('mm5dpgro3nfna56dp0ksobkds4',1550574253,1209600,''),('mnn87pp9jjd5fb2hl9bv79fp75',1558438307,1209600,''),('mog0atopkr2fcdkqjfdvj81bk7',1554190922,1209600,_binary 'Default|a:1:{s:8:\"redirect\";s:1:\"/\";}'),('motjlo7mt0bh8vuckdggnnerd5',1553508497,1209600,_binary 'Default|a:1:{s:8:\"redirect\";s:1:\"/\";}'),('mrrkhgn55ucunm4tov2drmnfv4',1558952182,1209600,''),('ms41uuhf2nmraaohanplkvioh2',1554196322,1209600,_binary 'Default|a:1:{s:8:\"redirect\";s:6:\"/items\";}'),('msppvmgflgcgbg88ocer816e15',1565694687,1209600,''),('mss3oese86p1edpun02v58eqd5',1548666129,1209600,''),('msslcfd7vq8fmfpnn0q8btgb96',1557486908,1209600,''),('mtjdfdjrf88iaq9bgr4mnl1ru5',1546933893,1209600,''),('mu243oh3el5knbm2vm4q7baco7',1550137514,1209600,''),('muj7th784qmgfp8418dhvjp8i2',1567201101,1209600,''),('mvl6dnhecnt2l6p6lditdb1bq0',1558247531,1209600,''),('n01503uuvlvkdlbl6iqlua60f1',1547014827,1209600,''),('n1e2snb80nvs3v91ls0sdnjq41',1565598785,1209600,''),('n1oquplmpn1a0fqn922m6lhg81',1552642490,1209600,_binary 'Default|a:1:{s:8:\"redirect\";s:16:\"/items/show/id/1\";}'),('n2h7pnn2ka7ujik72qedf9o4s1',1550577503,1209600,''),('n2lavfu6scilc65hrbrgso2bo3',1550048202,1209600,''),('n2ml7c0798o9fg7ofkv7s7pt96',1560848458,1209600,''),('n3b9gah52e1d2r4rqpdac5a2c7',1550657065,1209600,''),('n6boc7o3vmgf4ng3duq7q6rql5',1558610096,1209600,''),('n6f51d7t77tcfudbcacp5upd84',1550072742,1209600,''),('n73vo4seurkguqee9fcoesvoq3',1559889137,1209600,_binary 'Default|a:1:{s:8:\"redirect\";s:1:\"/\";}'),('n7b7tm7qutootcje07fv6hd9i1',1556527438,1209600,''),('n9qsma7ekhv86eto82lu6ac2a6',1553610402,1209600,_binary 'Default|a:1:{s:8:\"redirect\";s:1:\"/\";}'),('namjja5nrdkephlp5k6uhqm0q5',1554708403,1209600,''),('nbnk3m1cjg2bd3be149vj4otl2',1548309463,1209600,''),('nbujsn4dq23hv9l4nilece3di5',1548658868,1209600,''),('nc8qvq8a9f9lvkoc7thua17kl5',1558126275,1209600,''),('nd2kes7ubmrttcettvm9vrf3f4',1565254500,1209600,''),('ndn8vtg40nsojd3p5jshq615u2',1558955834,1209600,''),('nfau9g1eeoi4vlnd2delc4pci6',1555331356,1209600,''),('nfhd7pb99ijcd9f24bmasilnn5',1566116840,1209600,''),('nfp69v91csvn9vurtn1akpgt62',1567193132,1209600,''),('ng1261seagultf86de3kh30rr4',1566200278,1209600,''),('ng9v7h61a69j4am4b7pjbil9l3',1554809895,1209600,''),('ngqsc3q5vrqtga1f4hvl1i6v96',1553519697,1209600,''),('ni7b9a4knbf0nofamtbkj6nbl2',1551691869,1209600,''),('ni7h12gfs2hct84pjoqcovkrt7',1565699648,1209600,''),('njbigtf8rsvmjasavgqdted9t7',1546860415,1209600,''),('nkho0bmnkeuab5vh50k92ncnu4',1559048867,1209600,''),('nku429j2b03ane4i2ctcg3lud0',1553767390,1209600,''),('nku7ljhe7gmjr486o54gh7ohc0',1566891893,1209600,''),('nl655bh4v21bskgm5dlg93skc1',1556531310,1209600,''),('nma8c4lih76m81c9s689s0uc83',1550573407,1209600,''),('npi24em3ctfmsecs8ph6q791u0',1554966975,1209600,_binary 'Default|a:1:{s:8:\"redirect\";s:1:\"/\";}Zend_Auth|a:1:{s:7:\"storage\";i:1;}OmekaSessionCsrfToken|a:1:{s:5:\"token\";s:32:\"3d1630ed2f1e58c1a459932496d7ee96\";}'),('nq6acnbrll9l8tjiv3b05s8jt3',1547468724,1209600,''),('nqi5b57tesmi3ujplq1h2uehb1',1561627309,1209600,''),('nt2s4jttkl0mifo85s4njasoj3',1565960825,1209600,''),('nv3ot0gfgvi4hflt9i13psr0i6',1550142506,1209600,''),('o0ahnl0p6c456cb12sbnaste53',1551255733,1209600,''),('o0mcgvh3d2uddjhpful8qi2ip0',1557472336,1209600,''),('o3qgavftahd7ag0qs1qeoqegi7',1557730710,1209600,''),('o3v81qg2hdh1r5kt02egotgg32',1553759067,1209600,''),('o40i2gavb9ctfq30f3u09jr947',1549891308,1209600,''),('o45ltpq3igs5a9l2ivl42dafb6',1554809892,1209600,''),('o4bf1ttr5fsu0vbog6db7m3te4',1566279727,1209600,''),('o594torg3p13p0ib7v1rhgmn83',1546497485,1209600,_binary 'Default|a:1:{s:8:\"redirect\";s:1:\"/\";}'),('o7v2sk8c8d3lvjd1nhsd68vfg7',1558945754,1209600,''),('o96b1mvvuur2n0dbgk3cccbcg3',1549279078,1209600,''),('o99bc3lqc9dr2242ipochvun96',1560848462,1209600,''),('o9o90cvt99pu648f9v66rc2hd6',1552904556,1209600,_binary 'Default|a:1:{s:8:\"redirect\";s:13:\"/items/edit/1\";}'),('o9q2l0t5fb0b1gdt6f56jlgeb4',1557219921,1209600,''),('oa6h4ainjmbtb1tkn3sjuvaf66',1553671991,1209600,_binary 'Default|a:1:{s:8:\"redirect\";s:1:\"/\";}Zend_Auth|a:1:{s:7:\"storage\";i:1;}OmekaSessionCsrfToken|a:1:{s:5:\"token\";s:32:\"e1072a4254e84ecb8f0c1024946c3624\";}'),('obdd8uv6v4act38j8fg98nf2i3',1547711155,1209600,''),('obk1arqjasjm2db5n1n1smai26',1551253810,1209600,''),('obof0jgnn76pkcavlnc5cundd0',1558111186,1209600,''),('oc0u6bkblohmkijs28fpers2j6',1546858948,1209600,''),('ocbv3odleemlmcivo40hltqhr7',1549886492,1209600,''),('octpva8nj926ko8gge8k92f343',1566381767,1209600,''),('od06ehmd9v1rpebfgt9il0v911',1559813413,1209600,''),('od9j1t4i89lnreeknf1gnjii43',1559909156,1209600,''),('oeadi6q8154doam55hudikfch3',1558952179,1209600,''),('oeed3jime6sa5be5fiqva89316',1566194721,1209600,''),('oenacdvnncfuoison69nletpj5',1558326352,1209600,''),('ofefhe6n42d2lmgu0gsfqlgan5',1550142509,1209600,''),('ofgegftcquv6kpsego43j6nnd4',1552374375,1209600,''),('ofujsnrd1knd1t857o64e1m6c2',1547711671,1209600,''),('ogaeatlhhbc3o3uv2747fnktn5',1558208857,1209600,''),('ogejal1rdiens4d09adk79ol20',1553598101,1209600,_binary 'Default|a:1:{s:8:\"redirect\";s:1:\"/\";}'),('ohgh06moemjr71dui9u8db1ua1',1558015183,1209600,''),('oj3g5qhr9ifbmuvaa6q7qjfrf5',1565182669,1209600,''),('ok1g4fbile3mlqt4kuldmi2162',1554791165,1209600,_binary 'Default|a:1:{s:8:\"redirect\";s:19:\"/solr-search/fields\";}'),('ok9rulkobodkljmcmb7jg75c92',1556777168,1209600,''),('okktqobm2fa10j11ko30m8sa43',1559889137,1209600,''),('olet914nas2uurbs55658vkbu1',1550567792,1209600,''),('omvkjuhj75ft3uem2erddt9kb1',1566907632,1209600,''),('onr4ce75kelsdjh59rvonprjg4',1565598781,1209600,''),('orl3tlopmpturccrg32vg69v96',1567575489,1209600,''),('osilt6hmv8nld4ju7oa6vkdv10',1553764170,1209600,''),('ot83h0e1r7q58pgluectto0144',1553677491,1209600,''),('otg7ahhjrlms2j4mij4n3tnpt1',1558423085,1209600,''),('oth5niq2nj73pf53etv99jheo4',1558442042,1209600,''),('ou612jktn9vfl33564fkjthrc7',1552638304,1209600,''),('ovagpev3evciupmhegcse70dg5',1565859178,1209600,''),('p1hdgdu998doe0p12r1h3pg3o1',1558019916,1209600,''),('p29tnheupeuhg2onltv5jeo8u4',1548844028,1209600,''),('p2m7hbsif65986urue651kugu4',1550663357,1209600,''),('p37c79isd9i1ai9avl8rk7f0b0',1560418855,1209600,''),('p3abtr06njcmdfrmrj85s637l1',1547708312,1209600,''),('p5966asniab1g6056kkpl1jna4',1566895675,1209600,''),('p6e795b15u89k4cm4q0m3dnus4',1552636837,1209600,_binary 'Default|a:1:{s:8:\"redirect\";s:1:\"/\";}Zend_Auth|a:1:{s:7:\"storage\";i:1;}OmekaSessionCsrfToken|a:1:{s:5:\"token\";s:32:\"447339c4dddb9fc5d808902695636d89\";}'),('p7bs81ih6dtkj2osr1a55sf7h2',1554805969,1209600,''),('p7i4in8q17akgk3n054ighf7e1',1566300822,1209600,''),('p8ndl8a15ho1r1l9fnneuh85b1',1546937493,1209600,''),('p8q14o2cmmb8aife2rk1dagrn6',1566383577,1209600,''),('pabgtgm122mf3b4703o29l5ij3',1558955831,1209600,''),('pdkj3inaqkj8dhkmc8mqrv7hp2',1565859174,1209600,''),('pfbj8hkv9l2ntg4112usic05a1',1553591488,1209600,''),('pgod61dmrqnh5b0a7spdpnulo5',1547016909,1209600,''),('pgvpfckmitvfdf2jg41na4s2s7',1554795327,1209600,''),('phlpiukm3j2d9jl8u1slrf0e11',1566300814,1209600,''),('pi9pr7rt3kbgcvjm77islbenm4',1547106505,1209600,''),('pogigljsnf729m8dlg2nhbbpm3',1547709601,1209600,_binary 'Default|a:1:{s:8:\"redirect\";s:1:\"/\";}Zend_Auth|a:1:{s:7:\"storage\";i:1;}OmekaSessionCsrfToken|a:1:{s:5:\"token\";s:32:\"2333d5c75c60983a6edde897936cb506\";}__ZF|a:1:{s:14:\"FlashMessenger\";a:1:{s:4:\"ENNH\";i:1;}}'),('pomool9udguc68j2d3qnfb94v3',1548661188,1209600,''),('pplfqhgt0bql3tu3gnivi6nfm4',1547719964,1209600,''),('pqf83pokn3hns2qqt1ikv9emp1',1551691866,1209600,''),('pqocphar40t6eiah8dge2lkpd4',1566195672,1209600,''),('pr7ej9vshjbe5s0m4qp6o9t5f6',1566368019,1209600,''),('pr7ft4ce3ifh47v9r0nn14rpl0',1549372864,1209600,''),('prm48avn944hrm56b9p975qtv1',1565092228,1209600,''),('pt0glfajlbmgbmvehe08quaci5',1558130025,1209600,''),('pthckj6vrh0q630lmt4i9llb11',1565159779,1209600,''),('ptqqa5fcr6l6fdijubqd4fvev0',1555321023,1209600,''),('pudteruq1dj3l6el8dphkq08c3',1555330182,1209600,''),('pv759bk5utvvpipn0i81keibf3',1554798666,1209600,''),('q14m06of0tjf7m1q527oc7m0d0',1557211016,1209600,''),('q37iqcfe5q0c7calproqgjpnt7',1550581943,1209600,''),('q49jhlbskp3fdoi8169c752kg1',1565330696,1209600,''),('q4u6hvjbltmv32lfv0eautvcj7',1565266590,1209600,''),('q51sdcbq6di9ojsuuldm3fu6v4',1550220388,1209600,''),('q5ncpllu26i1e7e9bkaom4tti2',1565766939,1209600,''),('q7i1la96rmkbigneo0gkgbi946',1559898250,1209600,_binary 'Default|a:1:{s:8:\"redirect\";s:1:\"/\";}Zend_Auth|a:1:{s:7:\"storage\";i:1;}OmekaSessionCsrfToken|a:1:{s:5:\"token\";s:32:\"1a1dd9acf11d8eb3c994208054017923\";}__ZF|a:1:{s:45:\"Zend_Form_Element_Hash_salt_theme_config_csrf\";a:2:{s:4:\"ENNH\";i:1;s:3:\"ENT\";i:1559901026;}}Zend_Form_Element_Hash_salt_theme_config_csrf|a:1:{s:4:\"hash\";s:32:\"a7d2293e83991c97d4f64757030f5454\";}'),('q7tj5nosqmtm45galvut3l3pm4',1554794654,1209600,_binary 'Default|a:1:{s:8:\"redirect\";s:19:\"/solr-search/fields\";}Zend_Auth|a:1:{s:7:\"storage\";i:1;}OmekaSessionCsrfToken|a:1:{s:5:\"token\";s:32:\"eb5a2ffa92d1fbeff1c905e5b1ce96c8\";}__ZF|a:5:{s:41:\"Zend_Form_Element_Hash_salt_settings_csrf\";a:2:{s:4:\"ENNH\";i:1;s:3:\"ENT\";i:1554796467;}s:41:\"Zend_Form_Element_Hash_salt_security_csrf\";a:2:{s:4:\"ENNH\";i:1;s:3:\"ENT\";i:1554796479;}s:45:\"Zend_Form_Element_Hash_salt_theme_config_csrf\";a:2:{s:4:\"ENNH\";i:1;s:3:\"ENT\";i:1554796489;}s:43:\"Zend_Form_Element_Hash_salt_appearance_csrf\";a:2:{s:4:\"ENNH\";i:1;s:3:\"ENT\";i:1554796526;}s:43:\"Zend_Form_Element_Hash_salt_navigation_csrf\";a:2:{s:4:\"ENNH\";i:1;s:3:\"ENT\";i:1554796533;}}Zend_Form_Element_Hash_salt_settings_csrf|a:1:{s:4:\"hash\";s:32:\"b3238898f4b9d45b170165cd3c5b0557\";}Zend_Form_Element_Hash_salt_security_csrf|a:1:{s:4:\"hash\";s:32:\"e80e59ef909d01cd2f39450fc872179b\";}Zend_Form_Element_Hash_salt_theme_config_csrf|a:1:{s:4:\"hash\";s:32:\"cf12a60df33f25676f46e000cc7e62f6\";}Zend_Form_Element_Hash_salt_appearance_csrf|a:1:{s:4:\"hash\";s:32:\"7411c758a6a31193807ea19e6bb81ec5\";}Zend_Form_Element_Hash_salt_navigation_csrf|a:1:{s:4:\"hash\";s:32:\"7d8f4c60c4bdea7dc86ee8d8d201ce5d\";}'),('q8a9ss5ksi69c0p9rr59l21t15',1558187692,1209600,''),('q8el5gb3k8vj0t7dk30rduu8h3',1554886768,1209600,''),('q8j26j38rkhd4e14sult3fuoi4',1558122479,1209600,''),('q8r4u1fnk125d8te0p51rddn41',1557211027,1209600,''),('qakab148vf8ogm46to6tf88dg0',1550574147,1209600,''),('qcrg8aubl4uig5ecbunj9cikn3',1550581940,1209600,''),('qcvjc6qh6l2m9bvcr8tl6ihp44',1553515349,1209600,''),('qdte3nklhcbmc785t70ecu1gq6',1547124246,1209600,''),('qf1u94r21084iksvs618gp9247',1566304568,1209600,''),('qfpt3b3u2tmpi6ld1amj3dse42',1549957274,1209600,''),('qgpqskeq8nk5rhirfa6s16vvv3',1558138860,1209600,''),('qhtiff2aq1hltlad3tak6c25b1',1556519010,1209600,''),('qikan1s5abeenbc5kaub5tp3r7',1554964543,1209600,''),('qj5bm2akdiaomrvkuis95mg8t4',1561036030,1209600,''),('qkshcu4ahsuv03q6uafbqud1o3',1561029069,1209600,''),('qlf313nccjtrhjpfa9pclem6a7',1546937923,1209600,_binary 'Default|a:1:{s:8:\"redirect\";s:1:\"/\";}Zend_Auth|a:1:{s:7:\"storage\";i:1;}OmekaSessionCsrfToken|a:1:{s:5:\"token\";s:32:\"79beeb06d4a1a0f1210ad7fa0257760b\";}'),('qn2jd0md2botk6qq8nq2giisf2',1550483631,1209600,''),('qnaekh9vhrv2ds98f5md7tosr2',1566104169,1209600,''),('qni1fq8vduirv5pr6mslc6hl41',1566157149,1209600,''),('qo9cald6ksiisu33c4cinsv450',1565993218,1209600,''),('qpa8n6l6eq98tmkcbcuhffro54',1553610756,1209600,_binary 'Default|a:1:{s:8:\"redirect\";s:1:\"/\";}Zend_Auth|a:1:{s:7:\"storage\";i:1;}OmekaSessionCsrfToken|a:1:{s:5:\"token\";s:32:\"eae0de681bb0cede4937069627255de6\";}'),('qptdjildqknsp3e8qkn9glmnc6',1547113360,1209600,''),('qqob7sd12h13uvfsn94fivpjg3',1547107401,1209600,''),('qr8h88bsl9lsg4rtdg5cahh900',1554727696,1209600,''),('qr8mq28thcif62a99cti2bjal2',1558959792,1209600,''),('qrijui64i8fndct062r1l8mb55',1549891311,1209600,''),('qsj4r030eh203bvrdhfgg2qk27',1566455526,1209600,''),('qt62esoc09aru5v5lh9k2aigu6',1556898714,1209600,''),('qtds72vfaa9m6spg0qqi96hr06',1566304564,1209600,''),('qucglikt4qbe03fsihp9t7ttk0',1555309090,1209600,''),('qvpdn8pq08ucoji8ttqc54o9d5',1550618829,1209600,''),('qvs6ph8slfhgql6eg6sble1nb2',1557472334,1209600,''),('r0ngh1vim3k23v1efd59fhdd11',1557992025,1209600,''),('r15ajmt3ge5rbsd1h1b4em1fo6',1558118038,1209600,''),('r1tgmcve13omsctsdv53bvhtg6',1557295372,1209600,''),('r2igsumfuqp5k3s4s5uingnso4',1548759290,1209600,''),('r2qiac8lbjb5uo5imn1nd1dul5',1560761948,1209600,''),('r3or6kj5ip6e2e93p9n5b2gjo4',1566289167,1209600,''),('r3pme1tl9re7oiedimpj9nr5s7',1553665568,1209600,''),('r4hm7eb7kmqk8bi5cm2mprhr91',1560925818,1209600,''),('r63i9u14u32atkubnppmp2tuc4',1547014322,1209600,''),('r7b281bp3cq6ijvrd2v24uepc2',1559902766,1209600,''),('r7lroknknd7i7r9pifd15oouf6',1552637823,1209600,_binary 'Default|a:1:{s:8:\"redirect\";s:6:\"/items\";}Zend_Auth|a:1:{s:7:\"storage\";i:1;}'),('r8u2otpeug73mtdspon41mpra7',1553860020,1209600,''),('r945o00b4u8j4utp39gsfoete0',1550137815,1209600,''),('r94r2pjekk0veuo9qrdl8vgdb3',1547013712,1209600,''),('r95pcha42mtemtcuv3nfqhvfi1',1559911991,1209600,_binary 'Default|a:1:{s:8:\"redirect\";s:1:\"/\";}Zend_Auth|a:1:{s:7:\"storage\";i:1;}__ZF|a:1:{s:14:\"FlashMessenger\";a:1:{s:4:\"ENNH\";i:1;}}'),('rbbh68debsd8tjivof01n272o1',1557397093,1209600,''),('rbmk0foqp8jfr642s9mu6ing62',1551954357,1209600,''),('rbr3dgns0u38dvmrc10fur2f04',1546866406,1209600,''),('rc1djbt8r8p4i8bljifu7j9jt0',1566067924,1209600,''),('rcvje0bhbhkuus78hh6d556bt0',1566207771,1209600,''),('re0h5324venah1t86kf393nb44',1561012997,1209600,''),('re2p2igclg9q916551dsfu5lu5',1553515352,1209600,''),('red8e172i3ccfsb24b8ogp49m6',1565084376,1209600,''),('reme6bgjo52nrj3stn1trsb4g3',1548247623,1209600,''),('req7qhduesd5k6jhs72qac8576',1554790333,1209600,_binary 'Default|a:1:{s:8:\"redirect\";s:1:\"/\";}Zend_Auth|a:1:{s:7:\"storage\";i:1;}OmekaSessionCsrfToken|a:1:{s:5:\"token\";s:32:\"fe8448d3756ec55b17bd638b551a9205\";}'),('rfai3e2boetqs9b74s4ssmuu13',1565964476,1209600,''),('rfkvfi4vinv9uahs4k748uolt2',1554882426,1209600,''),('rfp79pbngghs4demuua3onc8t6',1547124838,1209600,''),('rgdm9uunmrjvpsnin2okc0ci01',1552904556,1209600,''),('rgsoovfjku506jt60fe5ncok94',1567197387,1209600,''),('rjqkfqd4nukgcsov8djn2bdob7',1552914274,1209600,_binary 'Default|a:1:{s:8:\"redirect\";s:13:\"/items/edit/1\";}Zend_Auth|a:1:{s:7:\"storage\";i:1;}OmekaSessionCsrfToken|a:1:{s:5:\"token\";s:32:\"74dd0abb7e07752ea65f8d5933529bc8\";}'),('rl3nqlbhqmudknc2idid150fj4',1561627306,1209600,''),('rleh5q07kp4344ud8s80fet2n6',1565079966,1209600,''),('rm4pn07vsaemcv45sq2kkf3dm6',1551339152,1209600,''),('rm9c02005ftofekfnsh4g8apl1',1557380303,1209600,''),('rmsms91oe812p549c1r9d0e720',1566157160,1209600,''),('rp18itpts4a28588mtrfg6tbs4',1560942479,1209600,''),('rqlfsr46n15nespvc37q21fhs3',1567227232,1209600,''),('rrb96l37p8cfi7177turemhnc1',1557138506,1209600,''),('rrcr3kcgfn9qrcofuednl5s9d6',1552634085,1209600,''),('rrmlg408r72r61v2qdr6en7tj7',1554727699,1209600,''),('rs231978s7mfng66s1fe7d2570',1547710257,1209600,''),('rs2uqfssa5k0mbre9djefaku17',1558078992,1209600,''),('rtgaa9440r38a3bs8fikjo85g1',1546932788,1209600,''),('rtqvf81as4fo2103d7er8a8g67',1566295719,1209600,''),('ru0iqp3au118k50ed6cd2nbuc1',1554792669,1209600,''),('ru8k438cc1i36phhk3eble1dp4',1565972305,1209600,''),('s1h45gr5r4ops1cmtivfaac961',1554719944,1209600,''),('s1itpb58rfrr5904q9vnf2i340',1553850994,1209600,''),('s1j3drq2ghvo3qtac0euqhr362',1566121335,1209600,''),('s1skt2di3ortoj0ljd701ua137',1546498163,1209600,''),('s3dmhsgv032sk8d9g3qku1kpo3',1552393127,1209600,''),('s3l7ulkmb0ieqm0tt4vjqu7fq6',1551254594,1209600,''),('s5gfn18n22b8gbrhhbu1pfabb4',1553773859,1209600,''),('s5k7vrd5e9qppo77b9qm7n57c1',1546935697,1209600,''),('s5qq4qb0nrm8rkvvh3jd26l4v7',1566295716,1209600,''),('s6afdh9k7gr9hfn83f80t73v64',1552649987,1209600,_binary 'Default|a:1:{s:8:\"redirect\";s:13:\"/items/edit/1\";}'),('s6f7k1hgaiudjd11ed9b94gd40',1550080508,1209600,''),('s7bc4bvemr0crv0e1jhfltus13',1551186427,1209600,''),('s8ib8hlcb37qphre0kus32d370',1566292063,1209600,''),('s9dab9e7lmpa473trk01r097v3',1558138857,1209600,''),('s9dmh3c44ggebr0tb9mdbsjmb0',1548249348,1209600,''),('sb6hsbj1cf5i1k9ervaqnt9i97',1558155746,1209600,''),('sc2lbqlg128kp08uqpgoccps07',1558442046,1209600,''),('sdotit9lkkoveeharn4or6jev6',1552902959,1209600,''),('seme3tfiukflbhkbr4699umup4',1558506438,1209600,''),('sf0lis38pe2e12jjb3t9kku8r5',1554798548,1209600,''),('sg3cohat0m56jq5l4k3ink5df7',1547546538,1209600,_binary 'Default|a:1:{s:8:\"redirect\";s:13:\"/items/edit/1\";}Zend_Auth|a:1:{s:7:\"storage\";i:1;}OmekaSessionCsrfToken|a:1:{s:5:\"token\";s:32:\"a640268a8de792331062a45b7a6848ab\";}'),('shoon35ccenui77iao632pj832',1554293500,1209600,''),('sit9p2f117b1nqn19aump3pln5',1552296789,1209600,''),('sjlv65mt2q1lrn2u7ubmafbfr3',1549355105,1209600,''),('sjmsne7gu525bcu7cfbtql7eh4',1560853348,1209600,''),('sl3iveq39a365av1qild4bo1a0',1559907179,1209600,''),('sl7hk4flbmh5llqvn3vfl9g566',1553860596,1209600,''),('so2qh8fc22ah4b5p47245ombn2',1550488338,1209600,''),('so4grjo82u4rblilpsb1to83d2',1552902459,1209600,_binary 'Default|a:1:{s:8:\"redirect\";s:1:\"/\";}'),('sofoij8c5g2fj3lshop19vlkj5',1559811112,1209600,''),('soodr72tpnu9mm118f6mq9gut3',1546935133,1209600,''),('sptkj9j2jde772hfdbeobvmss0',1547709572,1209600,''),('sr6irg6fvkmkvevclpvl6dbh11',1552903791,1209600,''),('sss95j7apb0mt118u3q3rbngj6',1546933299,1209600,''),('ssu8d2o14uh2amn68jae1bbla2',1558080824,1209600,''),('stbqno6eu6big255s1043o8476',1554797768,1209600,''),('suphdf8kokqdb4ps6uh6ra6nn2',1550137514,1209600,_binary 'Default|a:1:{s:8:\"redirect\";s:1:\"/\";}'),('t0galj1p1egqbldqcc6fq9fsv3',1555307905,1209600,_binary 'Default|a:1:{s:8:\"redirect\";s:1:\"/\";}'),('t1412u3jjfhc0mcopnfphdggv6',1554791392,1209600,''),('t37sp8k3l8krsd1bse3d54lii0',1549451822,1209600,''),('t38srpbn1pkqjkvehcisgj87v5',1550067041,1209600,''),('t46bbhqf3399ikd6c18d9dlb74',1561365813,1209600,''),('t49j7cqjr0ib1e094gdslc6da7',1565989273,1209600,''),('t4fjcocrdg282ju120rr84ki54',1551870370,1209600,''),('t4lb74fnhknu0d216fcqbple44',1547534404,1209600,_binary 'Default|a:1:{s:8:\"redirect\";s:1:\"/\";}'),('t6iirt549174d75058a20g8cp7',1560858230,1209600,''),('t7t3ql80a937p746mgmk8qrbj5',1566383574,1209600,''),('t7tdb29ra6j7dsgcd4vm8nef11',1558088389,1209600,''),('t8780v99mltlcg1gd5ruopkht3',1559911850,1209600,''),('t995u849kghg74g5scl6kce847',1552289540,1209600,''),('t9j3r0qdkgt65nfnjesr56pok2',1550067038,1209600,''),('tarmb3gvdb7hk30n2i0jn2l6n7',1547723586,1209600,''),('tb89att159julnivs4d6b60jf0',1561021619,1209600,''),('tc1bo0josoos63klm1dlu319p6',1553675446,1209600,_binary 'Default|a:1:{s:8:\"redirect\";s:16:\"/items/show/id/2\";}'),('tct0hoknoi9486mhtoo4v7bdc6',1554196322,1209600,''),('tdpgfsfsc833vhgdlru19nukv3',1552908730,1209600,''),('te19uoqqofdtr820l81ko68vo5',1558192328,1209600,''),('thbe3jctg99esfvfsdecvlejr4',1553502123,1209600,''),('tic3o67k5ajuiainphqfn4j9m3',1551168547,1209600,''),('tjrcfvhjclstk8f3s1sln36e85',1558942025,1209600,''),('tl2n0fsbrhddud2h5s7m3h3qq3',1547710331,1209600,''),('tm3obrt676uqoll6qll4j680j6',1554805971,1209600,''),('tm6ramhjhiq66nemn6o6b2kjj1',1558340193,1209600,''),('tmfs4ftj1h6vjuer5qk8nmoae4',1556531496,1209600,''),('tnfpura23k9k1uacd7elk05a82',1553071006,1209600,''),('tnkterlou6riuh8ssfvv45eip2',1550053290,1209600,''),('tob5lrjokjrijrkgifmhh2gtj4',1566220302,1209600,''),('tocoec7907khhpba8honhd47i4',1565935912,1209600,''),('toun21a37gq5q32ikj8mekh3s2',1547471130,1209600,''),('tove2fculg8sh0nottpb6uvmm6',1556791370,1209600,''),('tpnhmm4e3pp6qj7776hf5071u6',1546936793,1209600,''),('tpts68ou6ngo1b8lmivjf1qig6',1546949124,1209600,''),('tsrlroh6br3btamn72gor89024',1548770375,1209600,''),('ttev451mgh3u9vu2n04l3gbul0',1547470563,1209600,''),('tvtg9pgvfmg42n0sre6vph7t13',1547708855,1209600,''),('u07iq7kt5h9ga4lf2ip06q0t44',1550596247,1209600,''),('u09cqu4amj38ddaauduftg6ho7',1547469628,1209600,''),('u0bsq5g06c97smpmvmfklntee3',1553071028,1209600,''),('u0coq0jt1otfjvpvjtubrkpge7',1565694685,1209600,''),('u1nif64aqb4fm6m8qn0gc39op5',1551704532,1209600,''),('u1tc75og90cujm62fo0t8ebk33',1547015434,1209600,''),('u2lq2i8tt3np9um0foqu227bg0',1565594158,1209600,''),('u2r7bivch077983p9dh0fac275',1546931938,1209600,''),('u4ak1u4l2ss02e8n2ds02gk8v5',1553849494,1209600,''),('u76v3ck45rugmen3l7leibt2s0',1567193129,1209600,''),('u7imk3p209mq2g6c7i0d7gefo3',1559112762,1209600,''),('u8gjc39di5cqticsfvte4fqsi4',1558590117,1209600,''),('u8r9kptfkdso7o1jtgh3frap60',1557393457,1209600,''),('u93m21irv4jbjtddu76i1veac7',1554798320,1209600,''),('u99geun7usvs90eqp9u47i4i56',1561025393,1209600,''),('u9a20hq85epmpl11orlnn0cok2',1560844120,1209600,''),('u9r49sp7kpsv7o2jub6cvirv53',1554719941,1209600,''),('uabjbemi6gqg6ov4tp43vonmm0',1546858047,1209600,_binary 'Default|a:1:{s:8:\"redirect\";s:8:\"/plugins\";}'),('ucugj0l87i10uvgafmpcdp5m14',1548754925,1209600,''),('ue8nif96dce4f4kvrbagl4ua57',1551076245,1209600,''),('uebl6eci36nah60os2geevt1v4',1547711155,1209600,_binary 'Default|a:1:{s:8:\"redirect\";s:1:\"/\";}'),('uenfprqfdpvjqgoemvsbfov0s0',1558247529,1209600,''),('ufe020vuag904umldc7ldt80a4',1565588930,1209600,''),('ufh813ua981idv6e33o4lgu3o4',1550588370,1209600,''),('ugrvpgf7j4ho7886lruvnqe7q5',1548674742,1209600,''),('uhfrjrk2bsa2d05fare40o28m5',1550228509,1209600,''),('ujhlh58khanoi82vfrtnl2s6s7',1558093072,1209600,''),('ukdqim1vr5j70msmvlp93uclk0',1566375677,1209600,''),('ullv5ml1lukdf1ho1oujj8cok4',1548069246,1209600,''),('um0up1rcr8umibjb8fiul2uja7',1556604986,1209600,''),('uo6af3pk0inchdg0khkeqpcgi6',1547014318,1209600,''),('uok8og6vccb0o4k2vts4369097',1565871337,1209600,''),('up34pbvi9g3j8ukfkrj8dtrkg4',1548656572,1209600,''),('ustpov4gojti0o53k15pkmr583',1546861221,1209600,''),('utt60nf7f6ogn80he5btr9vn53',1552632734,1209600,''),('uu234ua75kp07g6ue3ttqo2p26',1546866065,1209600,_binary 'Default|a:1:{s:8:\"redirect\";s:1:\"/\";}Zend_Auth|a:1:{s:7:\"storage\";i:1;}OmekaSessionCsrfToken|a:1:{s:5:\"token\";s:32:\"3585416352335b9f3813c81fce48dc71\";}'),('uupdr5u29purtre7h0a2m75o20',1550080510,1209600,''),('uutk5re8um54qqmi7d4hrnapj4',1567164126,1209600,''),('uvsijo5spn58s35fcpka569uv1',1550138608,1209600,''),('v1co57id705qfmhdoqrbqg62k7',1547014618,1209600,''),('v219huco4kh3flhbrok979mda7',1560761952,1209600,''),('v28lusv2h3mdu30vcaj4cgr867',1548662326,1209600,''),('v6gah01tamkfieuvbkfrn2o8r1',1565781684,1209600,''),('v85mb617kcvvgrpivtmvc635n0',1558130028,1209600,''),('v9bcs0s5t73fupqqrjav14ulk1',1557982139,1209600,''),('v9e8qc9adfai7r2svctupsojf0',1566049650,1209600,''),('vag649lri6h9n3qiipc2i4h302',1546949204,1209600,''),('vbblst9p8m3dgc1dmd2ndhn3v5',1553849813,1209600,''),('vcmpn4mosnflstmqftpl577761',1558331211,1209600,''),('ve5c9g003d1fgguver96qgcq01',1554967246,1209600,''),('vep4dnh9t3fus8508ua05glk14',1547214311,1209600,''),('vivojms2kjn1otjqm7mb9u01i6',1549527050,1209600,''),('vj1rjai5ojjo82o8cg3kmccq63',1565690201,1209600,''),('vj6tq5oklm8hgkpqad03cqiak3',1546939781,1209600,_binary 'Default|a:1:{s:8:\"redirect\";s:6:\"/items\";}Zend_Auth|a:1:{s:7:\"storage\";i:1;}OmekaSessionCsrfToken|a:1:{s:5:\"token\";s:32:\"64545d60ccd2d434f0af2ad79d5dc852\";}'),('vkvht7bohg2fmf3ibqucjs24m0',1553674846,1209600,''),('vm3g72ud7j41d86b2hc668u660',1557486910,1209600,''),('vn934vpvnm0ri151ieg6fs5vg7',1550488336,1209600,''),('vnhcf57e2fjdls20veu43gqhg2',1565088618,1209600,''),('vnkgoe89jjr7ef4ch495cs43u3',1558078994,1209600,''),('vnmm79795q7skiglnknskmm9o2',1548324997,1209600,_binary 'Default|a:1:{s:8:\"redirect\";s:13:\"/items/edit/1\";}Zend_Auth|a:1:{s:7:\"storage\";i:1;}OmekaSessionCsrfToken|a:1:{s:5:\"token\";s:32:\"a62774c62281953f338d1d983690de75\";}'),('vnqrcmkbkd82oo293peq9v50n1',1567492112,1209600,_binary 'Default|a:1:{s:8:\"redirect\";s:1:\"/\";}Zend_Auth|a:1:{s:7:\"storage\";i:1;}__ZF|a:1:{s:14:\"FlashMessenger\";a:1:{s:4:\"ENNH\";i:1;}}'),('vo4uc85sg1todavnqqd90i56s7',1556786818,1209600,''),('voa9c46qmlhi51dn9hc6trd4b0',1561715270,1209600,''),('vpq8djt3aoe7fq1rqdsdqenki4',1548401081,1209600,''),('vte6955ttql7tlils8c5ke42u3',1558208860,1209600,''),('vvsud2onnfspc3o2at75bqf0d2',1560930946,1209600,'');
/*!40000 ALTER TABLE `loitsut_sessions` ENABLE KEYS */;
UNLOCK TABLES;

--
-- Table structure for table `loitsut_simple_pages_pages`
--

DROP TABLE IF EXISTS `loitsut_simple_pages_pages`;
/*!40101 SET @saved_cs_client     = @@character_set_client */;
/*!40101 SET character_set_client = utf8 */;
CREATE TABLE `loitsut_simple_pages_pages` (
  `id` int(10) unsigned NOT NULL AUTO_INCREMENT,
  `modified_by_user_id` int(10) unsigned NOT NULL,
  `created_by_user_id` int(10) unsigned NOT NULL,
  `is_published` tinyint(1) NOT NULL,
  `title` tinytext COLLATE utf8_unicode_ci NOT NULL,
  `slug` tinytext COLLATE utf8_unicode_ci NOT NULL,
  `text` mediumtext COLLATE utf8_unicode_ci,
  `updated` timestamp NOT NULL DEFAULT CURRENT_TIMESTAMP ON UPDATE CURRENT_TIMESTAMP,
  `inserted` timestamp NOT NULL DEFAULT '1999-12-31 22:00:00',
  `order` int(10) unsigned NOT NULL,
  `parent_id` int(10) unsigned NOT NULL,
  `template` tinytext COLLATE utf8_unicode_ci NOT NULL,
  `use_tiny_mce` tinyint(1) NOT NULL,
  PRIMARY KEY (`id`),
  KEY `is_published` (`is_published`),
  KEY `inserted` (`inserted`),
  KEY `updated` (`updated`),
  KEY `created_by_user_id` (`created_by_user_id`),
  KEY `modified_by_user_id` (`modified_by_user_id`),
  KEY `order` (`order`),
  KEY `parent_id` (`parent_id`)
) ENGINE=InnoDB AUTO_INCREMENT=3 DEFAULT CHARSET=utf8 COLLATE=utf8_unicode_ci;
/*!40101 SET character_set_client = @saved_cs_client */;

--
-- Dumping data for table `loitsut_simple_pages_pages`
--

LOCK TABLES `loitsut_simple_pages_pages` WRITE;
/*!40000 ALTER TABLE `loitsut_simple_pages_pages` DISABLE KEYS */;
INSERT INTO `loitsut_simple_pages_pages` VALUES (1,1,1,1,'Esittely','esittely','<p>This is an example page. Feel free to replace this content, or delete the page and start from scratch.</p>','2019-06-07 12:05:56','2019-01-03 06:33:42',0,0,'',0),(2,1,1,1,'Ohjeet','ohjeet','<h5 style=\"margin-bottom: 1em;\">Etusivu ja loitsujen selaaminen</h5>\r\n<p>Etusivulla oikealla on n&auml;kyvill&auml; kolme esimerkkiloitsua sek&auml; n&auml;iden alla linkki loitsujen selailuun. Vaihtoehtoinen tapa loitsujen selailuun on sivu alalaidan avainsanaluettelo. Luettelossa avainsanan koko n&auml;ytt&auml;&auml; sen yleisyyden. Klikkaamalla tietty&auml; avainsanaa p&auml;&auml;see selaamaan loitsuja, joissa kyseinen avainsana esiintyy.</p>\r\n<p>Loitsuja p&auml;&auml;see selaamaan my&ouml;s yl&auml;palkin \"Loitsut\"-linkist&auml;. Vasemmanpuoleinen v&auml;lilehti listaa kaikki kokoelman loitsut. Kunkin loitsun kohdalla on n&auml;kyvill&auml; my&ouml;s loitsuun liitetyt avainsanat, joista p&auml;&auml;see suoraan muihin samoja avainsanoja sis&auml;lt&auml;viin loitsuihin.</p>\r\n<p>Kaikkia avainsanoja voi selata keskimm&auml;isess&auml; v&auml;lilehdess&auml;.</p>\r\n<p style=\"margin-bottom: 1.5em;\">Oikeanpuolimmaisella v&auml;lilehdell&auml; voi tehd&auml; hakuja. Vapaatekstihaku hakee etsitty&auml; termi&auml; kaikista metatietokentist&auml;. Hakua voi kaventaa valitsemalla \"Kohdista haku kentt&auml;&auml;n\"-kohdan ensimm&auml;isest&auml; pudotusvalikosta kentt&auml; ja toisesta pudotusvalikosta hakutyyppi.</p>\r\n<h5 style=\"margin-bottom: 1em;\">Loitsun&auml;kym&auml;</h5>\r\n<p>Loitsun&auml;kym&auml;sivulla (esim. Tulen sanat, http://kalevala-dev.ngrok.io/loitsut/items/show/1) on loitsun esittelyteksti ja sen alla kolmisarakkeinen n&auml;kym&auml;.</p>\r\n<p>Vasemmanpuoleisessa sarakkeessa on faksimilekuva, jossa loitsun sis&auml;lt&auml;m&auml; kohta on merkitty punaisella kehyksell&auml;. Kuvaa voi suurentaa ja pienent&auml;&auml; hiiren vasemman painikkeen kaksoisnapautuksella. Kuvan&auml;kym&auml;n oikeassa laidassa n&auml;kyv&auml;n \"metatiedot\"-otsikon napauttaminen tuo n&auml;kyville loitsun metatiedot.</p>\r\n<p>Keskimm&auml;isess&auml; sarakkeessa on loitsun transkriptio. Kohdat, joihin liittyy kommentaareja, on merkitty punaisilla numeroilla. Numeron napauttaminen tuo esiin kommentaarin sis&auml;ll&ouml;n oikeanpuoleisessa sarakkeessa otsikon \"Yksityiskohdat\" alla. Kohdat, joihin liittyy Lyhyempi&auml; huomautuksia kuten lyhenteiden aukikirjoituksia, n&auml;kyv&auml;t transkriptiossa maalattuina. Huomatuksen saa n&auml;kyville viem&auml;ll&auml; hiiren osoittimen maalatun sanan kohdalle.</p>\r\n<p>Oikeanpuoleinen sarake on valittu kommentaarisis&auml;ll&ouml;lle. Eri osiot saa avattua napauttamalla otsikoiden vieress&auml; n&auml;kyvi&auml; \"avaa\"-linkkej&auml;.</p>\r\n<p style=\"margin-bottom: 1.5em;\">Verkkojulkaisu sis&auml;lt&auml;&auml; loitsujen lis&auml;ksi transkriptiot oikeustapauksista, joihin loitsut liittyv&auml;t. N&auml;it&auml; p&auml;&auml;see lukemaan napauttamalla \"Koko p&ouml;yt&auml;kirja\"-linkki&auml; kolmisaraken&auml;kym&auml;n oikeassa yl&auml;kulmassa. P&ouml;yt&auml;kirja avautuu omaan v&auml;lilehteens&auml;.</p>\r\n<h5 style=\"margin-bottom: 1em;\">Oikeusp&ouml;yt&auml;kirjan&auml;kym&auml;</h5>\r\n<p style=\"margin-bottom: 1.5em;\">P&ouml;yt&auml;kirja on muuten samanlainen kuin loitsun&auml;kym&auml;, mutta transkription rivit on numeroitu ja transkriptioihin ei liity kommentaarisis&auml;lt&ouml;&auml; yksityiskohtia koskevien kommentaarien lis&auml;ksi. Yksityiskohtia koskevat kommentaarit toimivat samoin kuin loitsun&auml;kym&auml;ss&auml;.</p>\r\n<h5 style=\"margin-bottom: 1em;\">Vapaatekstihaku</h5>\r\n<p>Yl&auml;palkin oikean laidan hakukentt&auml; liittyy vapaatekstihakuun, joka kattaa metatiedot, loitsujen ja oikeusp&ouml;yt&auml;kirjojen transkriptiot sek&auml; kommentaarit. Haun katkaisumerkki on t&auml;hti (*) ja sumean haun merkki (~). Pitempi&auml; fraaseja voi hakea k&auml;ytt&auml;m&auml;ll&auml; kaksoislainausmerkkej&auml;.</p>\r\n<p><span style=\"font-style: italic;\">hakutermi</span>* = sana alkaa hakutermill&auml;<br /> *<span style=\"font-style: italic;\">hakutermi</span> = sana p&auml;&auml;ttyy hakutermiin<br /> *<span style=\"font-style: italic;\">hakutermi</span> = hakutermi esiintyy sanan keskell&auml;<br /> <span style=\"font-style: italic;\">hakutermi</span>~ = sumea haku, hakutulokset eroavat termist&auml; miten monella merkill&auml; tahansa<br /> <span style=\"font-style: italic;\">hakutermi</span>~1 = sumea haku, hakutulokset eroavat termist&auml; enint&auml;&auml;n yhdell&auml; merkill&auml;<br /> <span style=\"font-style: italic;\">hakutermi</span>~2 = sumea haku, hakutulokset eroavat termist&auml; enint&auml;&auml;n kahdella merkill&auml;<br /> <span style=\"font-style: italic;\">hakutermi1</span> <span style=\"font-style: italic;\">hakutermi2</span> = jompikumpi termeist&auml; esiintyy hakutuloksessa<br /> (<span style=\"font-style: italic;\">hakutermi1</span> AND <span style=\"font-style: italic;\">hakutermi2</span>) = molemmat hakutermit esiintyv&auml;t hakutuloksessa</p>','2019-06-07 13:17:43','2019-06-07 11:44:27',0,0,'',1);
/*!40000 ALTER TABLE `loitsut_simple_pages_pages` ENABLE KEYS */;
UNLOCK TABLES;

--
-- Table structure for table `loitsut_solr_search_excludes`
--

DROP TABLE IF EXISTS `loitsut_solr_search_excludes`;
/*!40101 SET @saved_cs_client     = @@character_set_client */;
/*!40101 SET character_set_client = utf8 */;
CREATE TABLE `loitsut_solr_search_excludes` (
  `id` int(10) unsigned NOT NULL AUTO_INCREMENT,
  `collection_id` int(10) unsigned NOT NULL,
  PRIMARY KEY (`id`)
) ENGINE=InnoDB DEFAULT CHARSET=utf8 COLLATE=utf8_unicode_ci;
/*!40101 SET character_set_client = @saved_cs_client */;

--
-- Dumping data for table `loitsut_solr_search_excludes`
--

LOCK TABLES `loitsut_solr_search_excludes` WRITE;
/*!40000 ALTER TABLE `loitsut_solr_search_excludes` DISABLE KEYS */;
/*!40000 ALTER TABLE `loitsut_solr_search_excludes` ENABLE KEYS */;
UNLOCK TABLES;

--
-- Table structure for table `loitsut_solr_search_fields`
--

DROP TABLE IF EXISTS `loitsut_solr_search_fields`;
/*!40101 SET @saved_cs_client     = @@character_set_client */;
/*!40101 SET character_set_client = utf8 */;
CREATE TABLE `loitsut_solr_search_fields` (
  `id` int(10) unsigned NOT NULL AUTO_INCREMENT,
  `element_id` int(10) unsigned DEFAULT NULL,
  `slug` tinytext COLLATE utf8_unicode_ci NOT NULL,
  `label` tinytext COLLATE utf8_unicode_ci NOT NULL,
  `is_indexed` tinyint(3) unsigned DEFAULT '0',
  `is_facet` tinyint(3) unsigned DEFAULT '0',
  PRIMARY KEY (`id`)
) ENGINE=InnoDB AUTO_INCREMENT=95 DEFAULT CHARSET=utf8 COLLATE=utf8_unicode_ci;
/*!40101 SET character_set_client = @saved_cs_client */;

--
-- Dumping data for table `loitsut_solr_search_fields`
--

LOCK TABLES `loitsut_solr_search_fields` WRITE;
/*!40000 ALTER TABLE `loitsut_solr_search_fields` DISABLE KEYS */;
INSERT INTO `loitsut_solr_search_fields` VALUES (1,NULL,'tag','Tag',1,1),(2,NULL,'collection','Kokoelma',1,1),(3,NULL,'itemtype','Aineistotyyppi',0,0),(4,NULL,'resulttype','Result Type',0,0),(6,1,'1','Text',0,0),(7,2,'2','Interviewer',0,0),(8,3,'3','Interviewee',0,0),(9,4,'4','Location',0,0),(10,5,'5','Transcription',0,0),(11,6,'6','Local URL',0,0),(12,7,'7','Original Format',1,0),(13,10,'10','Physical Dimensions',0,0),(14,11,'11','Duration',0,0),(15,12,'12','Compression',0,0),(16,13,'13','Producer',0,0),(17,14,'14','Director',0,0),(18,15,'15','Bit Rate/Frequency',0,0),(19,16,'16','Time Summary',0,0),(20,17,'17','Email Body',0,0),(21,18,'18','Subject Line',0,0),(22,19,'19','From',0,0),(23,20,'20','To',0,0),(24,21,'21','CC',0,0),(25,22,'22','BCC',0,0),(26,23,'23','Number of Attachments',0,0),(27,24,'24','Standards',0,0),(28,25,'25','Objectives',0,0),(29,26,'26','Materials',0,0),(30,27,'27','Lesson Plan Text',0,0),(31,28,'28','URL',0,0),(32,29,'29','Event Type',0,0),(33,30,'30','Participants',0,0),(34,31,'31','Birth Date',0,0),(35,32,'32','Birthplace',0,0),(36,33,'33','Death Date',0,0),(37,34,'34','Occupation',0,0),(38,35,'35','Biographical Text',0,0),(39,36,'36','Bibliography',0,0),(40,37,'37','Contributor',0,0),(41,38,'38','Coverage',0,0),(42,39,'39','Creator',0,0),(43,40,'40','Date',1,1),(44,41,'41','Description',1,0),(45,42,'42','Format',1,0),(46,43,'43','Identifier',1,0),(47,44,'44','Language',1,1),(48,45,'45','Publisher',0,0),(49,46,'46','Relation',0,0),(50,47,'47','Rights',0,0),(51,48,'48','Source',0,0),(52,49,'49','Subject',0,0),(53,50,'50','Title',1,0),(54,51,'51','Type',1,1),(55,52,'52','Alternative Title',0,0),(56,53,'53','Abstract',0,0),(57,54,'54','Table Of Contents',0,0),(58,55,'55','Date Available',0,0),(59,56,'56','Date Created',0,0),(60,57,'57','Date Accepted',0,0),(61,58,'58','Date Copyrighted',0,0),(62,59,'59','Date Submitted',0,0),(63,60,'60','Date Issued',0,0),(64,61,'61','Date Modified',0,0),(65,62,'62','Date Valid',0,0),(66,63,'63','Access Rights',0,0),(67,64,'64','License',0,0),(68,65,'65','Conforms To',1,0),(69,66,'66','Has Format',0,0),(70,67,'67','Has Part',0,0),(71,68,'68','Has Version',0,0),(72,69,'69','Is Format Of',0,0),(73,70,'70','Is Part Of',0,0),(74,71,'71','Is Referenced By',0,0),(75,72,'72','Is Replaced By',0,0),(76,73,'73','Is Required By',0,0),(77,74,'74','Is Version Of',0,0),(78,75,'75','References',0,0),(79,76,'76','Replaces',0,0),(80,77,'77','Requires',0,0),(81,78,'78','Extent',0,0),(82,79,'79','Medium',0,0),(83,80,'80','Bibliographic Citation',0,0),(84,81,'81','Spatial Coverage',1,1),(85,82,'82','Temporal Coverage',0,0),(86,83,'83','Accrual Method',0,0),(87,84,'84','Accrual Periodicity',0,0),(88,85,'85','Accrual Policy',0,0),(89,86,'86','Audience',0,0),(90,87,'87','Audience Education Level',0,0),(91,88,'88','Mediator',0,0),(92,89,'89','Instructional Method',0,0),(93,90,'90','Provenance',0,0),(94,91,'91','Rights Holder',0,0);
/*!40000 ALTER TABLE `loitsut_solr_search_fields` ENABLE KEYS */;
UNLOCK TABLES;

--
-- Table structure for table `loitsut_tags`
--

DROP TABLE IF EXISTS `loitsut_tags`;
/*!40101 SET @saved_cs_client     = @@character_set_client */;
/*!40101 SET character_set_client = utf8 */;
CREATE TABLE `loitsut_tags` (
  `id` int(10) unsigned NOT NULL AUTO_INCREMENT,
  `name` varchar(255) COLLATE utf8_unicode_ci DEFAULT NULL,
  PRIMARY KEY (`id`),
  UNIQUE KEY `name` (`name`)
) ENGINE=InnoDB AUTO_INCREMENT=22 DEFAULT CHARSET=utf8 COLLATE=utf8_unicode_ci;
/*!40101 SET character_set_client = @saved_cs_client */;

--
-- Dumping data for table `loitsut_tags`
--

LOCK TABLES `loitsut_tags` WRITE;
/*!40000 ALTER TABLE `loitsut_tags` DISABLE KEYS */;
INSERT INTO `loitsut_tags` VALUES (6,'Birgitta'),(11,'haava'),(14,'haavat'),(13,'Kerttu Nätyri'),(4,'Kristuksen veri'),(10,'lääke'),(19,'loitsu'),(18,'lyriikka'),(3,'Marian Maito'),(2,'palohaava'),(7,'parannusloitsu'),(8,'parannustaika'),(5,'parantaminen'),(9,'puu'),(12,'rauta'),(16,'rauta-aita'),(21,'taika'),(15,'taikapiiri'),(20,'tarttumus maasta'),(17,'tietäjän varautuminen'),(1,'tuli');
/*!40000 ALTER TABLE `loitsut_tags` ENABLE KEYS */;
UNLOCK TABLES;

--
-- Table structure for table `loitsut_users`
--

DROP TABLE IF EXISTS `loitsut_users`;
/*!40101 SET @saved_cs_client     = @@character_set_client */;
/*!40101 SET character_set_client = utf8 */;
CREATE TABLE `loitsut_users` (
  `id` int(10) unsigned NOT NULL AUTO_INCREMENT,
  `username` varchar(30) COLLATE utf8_unicode_ci NOT NULL,
  `name` text COLLATE utf8_unicode_ci NOT NULL,
  `email` text COLLATE utf8_unicode_ci NOT NULL,
  `password` varchar(40) COLLATE utf8_unicode_ci DEFAULT NULL,
  `salt` varchar(16) COLLATE utf8_unicode_ci DEFAULT NULL,
  `active` tinyint(4) NOT NULL,
  `role` varchar(40) COLLATE utf8_unicode_ci NOT NULL DEFAULT 'default',
  PRIMARY KEY (`id`),
  UNIQUE KEY `username` (`username`),
  KEY `active_idx` (`active`)
) ENGINE=InnoDB AUTO_INCREMENT=2 DEFAULT CHARSET=utf8 COLLATE=utf8_unicode_ci;
/*!40101 SET character_set_client = @saved_cs_client */;

--
-- Dumping data for table `loitsut_users`
--

LOCK TABLES `loitsut_users` WRITE;
/*!40000 ALTER TABLE `loitsut_users` DISABLE KEYS */;
INSERT INTO `loitsut_users` VALUES (1,'maniku','Super User','maria.niku@finlit.fi','8d52cace6f0445e184503eac2ff3e61f40967dea','252b7816629bdfef',1,'super');
/*!40000 ALTER TABLE `loitsut_users` ENABLE KEYS */;
UNLOCK TABLES;

--
-- Table structure for table `loitsut_users_activations`
--

DROP TABLE IF EXISTS `loitsut_users_activations`;
/*!40101 SET @saved_cs_client     = @@character_set_client */;
/*!40101 SET character_set_client = utf8 */;
CREATE TABLE `loitsut_users_activations` (
  `id` int(10) unsigned NOT NULL AUTO_INCREMENT,
  `user_id` int(10) unsigned NOT NULL,
  `url` varchar(100) COLLATE utf8_unicode_ci DEFAULT NULL,
  `added` datetime DEFAULT NULL,
  PRIMARY KEY (`id`)
) ENGINE=InnoDB DEFAULT CHARSET=utf8 COLLATE=utf8_unicode_ci;
/*!40101 SET character_set_client = @saved_cs_client */;

--
-- Dumping data for table `loitsut_users_activations`
--

LOCK TABLES `loitsut_users_activations` WRITE;
/*!40000 ALTER TABLE `loitsut_users_activations` DISABLE KEYS */;
/*!40000 ALTER TABLE `loitsut_users_activations` ENABLE KEYS */;
UNLOCK TABLES;
/*!40103 SET TIME_ZONE=@OLD_TIME_ZONE */;

/*!40101 SET SQL_MODE=@OLD_SQL_MODE */;
/*!40014 SET FOREIGN_KEY_CHECKS=@OLD_FOREIGN_KEY_CHECKS */;
/*!40014 SET UNIQUE_CHECKS=@OLD_UNIQUE_CHECKS */;
/*!40101 SET CHARACTER_SET_CLIENT=@OLD_CHARACTER_SET_CLIENT */;
/*!40101 SET CHARACTER_SET_RESULTS=@OLD_CHARACTER_SET_RESULTS */;
/*!40101 SET COLLATION_CONNECTION=@OLD_COLLATION_CONNECTION */;
/*!40111 SET SQL_NOTES=@OLD_SQL_NOTES */;

-- Dump completed on 2019-09-05 16:32:35
